PlotID,mm_precip_total,Seedlings_total,Site,SpeciesID,Plot_treatment,Week_germinated,Min_known_weeks_surviving,Max_known_weeks_surviving,Recorded_dead
R01A,157,2,Rincon,AMBI,Buffel,4,0,0,1
R02B,157,10,Rincon,ABIN,Buffel,2,1,1,1
R03B,157,3,Rincon,ABIN,Buffel,1,0,0,0
R04A,157,20,Rincon,SECO,Buffel,4,0,1,1
R04A,157,20,Rincon,SIAB,Buffel,4,0,0,0
R04A,157,20,Rincon,SECO,Buffel,4,1,1,1
R04A,157,20,Rincon,SIAB,Buffel,3,2,2,1
R04A,157,20,Rincon,SIAB,Buffel,3,7,7,0
R04A,157,20,Rincon,ABIN,Buffel,2,0,0,1
R04A,157,20,Rincon,SIAB,Buffel,2,0,0,1
R04A,157,20,Rincon,SIAB,Buffel,2,0,0,1
R04A,157,20,Rincon,SIAB,Buffel,2,0,0,1
R04A,157,20,Rincon,SIAB,Buffel,2,0,0,0
R04A,157,20,Rincon,AMBI,Buffel,2,1,1,1
R04A,157,20,Rincon,AMBI,Buffel,2,1,1,1
R04A,157,20,Rincon,ABIN,Buffel,2,2,2,1
R04A,157,20,Rincon,ABIN,Buffel,2,3,3,1
R04A,157,20,Rincon,SIAB,Buffel,2,4,4,1
R04A,157,20,Rincon,ABIN,Buffel,2,5,5,1
R04A,157,20,Rincon,SIAB,Buffel,2,5,5,1
R04A,157,20,Rincon,SIAB,Buffel,2,6,7,1
R04A,157,20,Rincon,ABIN,Buffel,2,6,6,0
R05A,157,87,Rincon,SIAB,Buffel,2,0,0,1
R05A,157,14,Rincon,SIAB,Buffel,2,0,0,1
R05A,157,14,Rincon,SIAB,Buffel,2,0,1,1
R05A,157,14,Rincon,ABIN,Buffel,2,0,0,0
R05A,157,14,Rincon,SIAB,Buffel,2,0,0,0
R05A,157,14,Rincon,SIAB,Buffel,2,0,0,0
R05A,157,14,Rincon,SIAB,Buffel,2,1,1,1
R05A,157,14,Rincon,SIAB,Buffel,2,1,1,1
R05A,157,14,Rincon,ABIN,Buffel,2,3,3,1
R05A,157,14,Rincon,SIAB,Buffel,2,3,3,1
R05A,157,14,Rincon,SIAB,Buffel,2,3,4,1
R05A,157,14,Rincon,SIAB,Buffel,2,8,8,0
R05A,157,14,Rincon,SIAB,Buffel,2,8,8,0
R05A,157,14,Rincon,SIAB,Buffel,1,9,9,0
R06A,157,18,Rincon,SECO,Buffel,6,2,2,1
R06A,157,42,Rincon,AMBI,Buffel,4,0,1,1
R06A,157,42,Rincon,SECO,Buffel,4,0,0,0
R06A,157,42,Rincon,AMBI,Buffel,4,1,1,1
R06A,157,42,Rincon,SECO,Buffel,4,2,2,1
R06A,157,42,Rincon,AMBI,Buffel,2,0,0,1
R06A,157,42,Rincon,AMBI,Buffel,2,0,0,1
R06A,157,42,Rincon,AMBI,Buffel,2,0,0,1
R06A,157,42,Rincon,AMBI,Buffel,2,0,0,1
R06A,157,42,Rincon,AMBI,Buffel,2,0,1,1
R06A,157,42,Rincon,AMBI,Buffel,2,0,0,0
R06A,157,42,Rincon,AMBI,Buffel,2,0,0,0
R06A,157,42,Rincon,AMBI,Buffel,2,1,1,1
R06A,157,42,Rincon,AMBI,Buffel,2,1,2,1
R06A,157,42,Rincon,AMBI,Buffel,2,1,2,1
R06A,157,42,Rincon,AMBI,Buffel,2,2,2,1
R06A,157,42,Rincon,AMBI,Buffel,2,7,7,0
R06A,157,42,Rincon,SECO,Buffel,2,3,3,1
R06A,157,42,Rincon,SECO,Buffel,2,4,4,1
R06A,157,42,Rincon,SECO,Buffel,2,7,7,0
R06A,157,42,Rincon,SECO,Buffel,2,7,7,0
R06A,157,42,Rincon,SECO,Buffel,2,6,6,0
R06A,157,42,Rincon,SECO,Buffel,2,6,6,0
R06A,157,42,Rincon,SECO,Buffel,2,7,7,0
R06A,157,42,Rincon,SECO,Buffel,2,7,7,0
R06A,157,42,Rincon,SECO,Buffel,2,7,7,0
R06A,157,42,Rincon,SECO,Buffel,2,7,7,0
R06A,157,42,Rincon,SECO,Buffel,2,7,7,0
R06A,157,42,Rincon,SECO,Buffel,2,7,7,0
R06A,157,42,Rincon,SECO,Buffel,2,7,7,0
R07B,157,45,Rincon,SIAB,Buffel,5,0,0,0
R07B,157,45,Rincon,SIAB,Buffel,5,0,0,0
R07B,157,45,Rincon,SIAB,Buffel,4,0,0,0
R07B,157,45,Rincon,AMBI,Buffel,2,0,0,1
R07B,157,45,Rincon,AMBI,Buffel,2,0,0,1
R07B,157,45,Rincon,AMBI,Buffel,2,0,0,1
R07B,157,45,Rincon,AMBI,Buffel,2,0,0,1
R07B,157,45,Rincon,AMBI,Buffel,2,0,0,1
R07B,157,45,Rincon,SIAB,Buffel,2,0,0,1
R07B,157,45,Rincon,SIAB,Buffel,2,0,0,1
R07B,157,45,Rincon,SIAB,Buffel,2,0,0,1
R07B,157,45,Rincon,SIAB,Buffel,2,0,0,1
R07B,157,45,Rincon,AMBI,Buffel,2,0,0,0
R07B,157,45,Rincon,SIAB,Buffel,2,0,0,0
R07B,157,45,Rincon,SIAB,Buffel,2,0,0,0
R07B,157,45,Rincon,SIAB,Buffel,2,0,0,0
R07B,157,45,Rincon,SIAB,Buffel,2,0,0,0
R07B,157,45,Rincon,AMBI,Buffel,2,1,1,1
R07B,157,45,Rincon,SIAB,Buffel,2,1,1,1
R07B,157,45,Rincon,SIAB,Buffel,2,1,1,1
R07B,157,45,Rincon,SIAB,Buffel,2,1,1,1
R07B,157,45,Rincon,SIAB,Buffel,2,1,1,1
R07B,157,45,Rincon,SIAB,Buffel,2,1,1,1
R07B,157,45,Rincon,SIAB,Buffel,2,1,1,1
R07B,157,45,Rincon,SIAB,Buffel,2,1,1,1
R07B,157,45,Rincon,AMBI,Buffel,2,2,2,1
R07B,157,45,Rincon,AMBI,Buffel,2,2,2,1
R07B,157,45,Rincon,SIAB,Buffel,2,2,2,1
R07B,157,45,Rincon,AMBI,Buffel,2,2,4,1
R07B,157,45,Rincon,SIAB,Buffel,2,2,2,0
R07B,157,45,Rincon,SIAB,Buffel,2,6,6,1
R07B,157,45,Rincon,AMBI,Buffel,2,3,3,1
R07B,157,45,Rincon,SIAB,Buffel,2,3,3,1
R07B,157,45,Rincon,SIAB,Buffel,2,3,3,1
R07B,157,45,Rincon,SIAB,Buffel,2,6,6,1
R07B,157,45,Rincon,AMBI,Buffel,2,5,5,1
R07B,157,45,Rincon,SIAB,Buffel,2,7,7,0
R08A,157,6,Rincon,SIAB,Buffel,2,0,6,1
R08A,157,6,Rincon,ABIN,Buffel,2,0,0,0
R08A,157,6,Rincon,AMBI,Buffel,2,0,0,0
R08A,157,6,Rincon,NAGR,Buffel,2,3,3,1
R08A,157,6,Rincon,NAGR,Buffel,2,3,3,0
R08A,157,6,Rincon,AMBI,Buffel,2,1,1,0
R09B,157,12,Rincon,ABIN,Buffel,9,0,2,1
R09B,157,12,Rincon,AMBI,Buffel,9,0,2,1
R09B,157,12,Rincon,AMBI,Buffel,9,0,2,1
R09B,157,12,Rincon,SECO,Buffel,9,0,2,1
R09B,157,12,Rincon,AMBI,Buffel,6,0,0,1
R09B,157,12,Rincon,AMBI,Buffel,4,0,0,1
R09B,157,12,Rincon,AMBI,Buffel,3,0,2,1
R09B,157,12,Rincon,SIAB,Buffel,2,2,3,1
R09B,157,12,Rincon,SIAB,Buffel,2,3,3,1
R09B,157,12,Rincon,AMBI,Buffel,2,1,1,1
R09B,157,12,Rincon,AMBI,Buffel,2,2,2,0
R09B,157,12,Rincon,SECO,Buffel,2,5,6,1
R10A,157,22,Rincon,SIAB,Buffel,7,0,0,0
R10A,157,22,Rincon,AMBI,Buffel,2,1,1,1
R10A,157,22,Rincon,AMBI,Buffel,2,1,1,1
R10A,157,22,Rincon,AMBI,Buffel,2,1,1,0
R10A,157,22,Rincon,AMBI,Buffel,2,1,1,0
R10A,157,22,Rincon,SIAB,Buffel,2,1,1,0
R10A,157,22,Rincon,SIAB,Buffel,2,1,1,0
R10A,157,22,Rincon,SIAB,Buffel,2,2,2,0
R10A,157,22,Rincon,SIAB,Buffel,2,5,5,0
R10A,157,22,Rincon,SECO,Buffel,2,3,4,1
R10A,157,22,Rincon,SECO,Buffel,2,3,4,1
R10A,157,22,Rincon,SIAB,Buffel,2,3,3,0
R10A,157,22,Rincon,SIAB,Buffel,2,5,6,1
R10A,157,22,Rincon,SECO,Buffel,2,7,7,0
R10A,157,22,Rincon,SECO,Buffel,2,4,4,0
R10A,157,22,Rincon,SIAB,Buffel,2,4,4,0
R10A,157,22,Rincon,AMBI,Buffel,2,5,5,0
R10A,157,22,Rincon,SECO,Buffel,2,7,7,0
R11B,157,24,Rincon,AMBI,Buffel,9,0,1,1
R11B,157,24,Rincon,AMBI,Buffel,9,0,1,1
R11B,157,24,Rincon,AMBI,Buffel,9,0,1,1
R11B,157,24,Rincon,AMBI,Buffel,9,0,0,0
R11B,157,24,Rincon,AMBI,Buffel,9,0,0,0
R11B,157,24,Rincon,AMBI,Buffel,9,0,0,0
R11B,157,24,Rincon,AMBI,Buffel,9,0,0,0
R11B,157,24,Rincon,AMBI,Buffel,9,0,0,0
R11B,157,24,Rincon,AMBI,Buffel,9,0,0,0
R11B,157,24,Rincon,AMBI,Buffel,9,0,0,0
R11B,157,24,Rincon,AMBI,Buffel,9,0,0,0
R11B,157,24,Rincon,AMBI,Buffel,9,2,2,0
R11B,157,24,Rincon,AMBI,Buffel,9,2,2,0
R11B,157,24,Rincon,AMBI,Buffel,4,0,0,1
R11B,157,24,Rincon,AMBI,Buffel,4,0,0,1
R11B,157,24,Rincon,AMBI,Buffel,4,0,0,0
R11B,157,24,Rincon,AMBI,Buffel,3,0,0,1
R11B,157,24,Rincon,AMBI,Buffel,2,0,1,1
R11B,157,24,Rincon,AMBI,Buffel,2,1,1,1
R11B,157,24,Rincon,AMBI,Buffel,2,1,1,1
R11B,157,24,Rincon,AMBI,Buffel,2,1,1,1
R11B,157,24,Rincon,AMBI,Buffel,2,1,1,1
R11B,157,24,Rincon,AMBI,Buffel,2,1,1,0
R11B,157,24,Rincon,AMBI,Buffel,2,1,1,0
R12B,157,9,Rincon,AMBI,Buffel,9,0,0,0
R12B,157,9,Rincon,NAGR,Buffel,6,3,3,0
R12B,157,9,Rincon,NAGR,Buffel,6,1,1,1
R12B,157,9,Rincon,AMBI,Buffel,2,0,0,1
R12B,157,9,Rincon,AMBI,Buffel,2,0,0,0
R13B,157,3,Rincon,NAGR,Buffel,6,0,0,1
R13B,157,3,Rincon,SIAB,Buffel,4,4,4,0
R14B,157,1,Rincon,ASSP,Buffel,2,4,4,0
P02B,82,2,Tucson,CAGI,Buffel,5,0,0,1
P02B,82,2,Tucson,CAGI,Buffel,5,1,1,1
P05B,82,3,Tucson,PAMI,Buffel,4,0,0,1
P05B,82,3,Tucson,PAMI,Buffel,3,3,3,0
P05B,82,3,Tucson,PAMI,Buffel,3,6,6,0
P06A,82,1,Tucson,ABIN,Buffel,8,0,0,1
P07B,82,12,Tucson,ABIN,Buffel,9,0,0,0
P07B,82,12,Tucson,ABIN,Buffel,8,0,0,1
P07B,82,12,Tucson,ABIN,Buffel,8,0,0,1
P07B,82,12,Tucson,ABIN,Buffel,8,0,0,0
P07B,82,12,Tucson,ABIN,Buffel,8,0,0,0
P07B,82,12,Tucson,ABIN,Buffel,8,1,1,0
P07B,82,12,Tucson,ABIN,Buffel,8,1,1,0
P07B,82,12,Tucson,ABIN,Buffel,8,1,1,0
P07B,82,12,Tucson,ABIN,Buffel,4,0,0,1
P07B,82,12,Tucson,CAGI,Buffel,4,0,0,0
P07B,82,12,Tucson,ABIN,Buffel,3,0,0,1
P07B,82,12,Tucson,ABIN,Buffel,3,3,3,1
P08A,82,2,Tucson,CAGI,Buffel,9,0,0,0
P08A,82,2,Tucson,AMBI,Buffel,6,0,0,1
P08A,82,2,Tucson,PAMI,Buffel,3,6,6,0
P09A,82,3,Tucson,PAMI,Buffel,5,0,0,0
P09A,82,3,Tucson,MAPA,Buffel,4,0,1,1
P09A,82,3,Tucson,MAPA,Buffel,4,1,1,1
P12A,82,2,Tucson,MAPA,Buffel,4,4,4,1
P12A,82,2,Tucson,LONO,Buffel,4,3,3,1
P13B,82,18,Tucson,OPSP,Buffel,4,0,0,1
P13B,82,18,Tucson,OPSP,Buffel,4,0,0,1
P13B,82,18,Tucson,OPSP,Buffel,4,0,0,1
P13B,82,18,Tucson,OPSP,Buffel,4,0,0,1
P13B,82,18,Tucson,OPSP,Buffel,4,0,0,1
P13B,82,18,Tucson,OPSP,Buffel,4,0,0,1
P13B,82,18,Tucson,OPSP,Buffel,4,0,0,1
P13B,82,18,Tucson,OPSP,Buffel,4,0,0,1
P13B,82,18,Tucson,OPSP,Buffel,4,0,0,1
P13B,82,18,Tucson,OPSP,Buffel,4,0,0,1
P13B,82,18,Tucson,OPSP,Buffel,4,0,0,1
P13B,82,18,Tucson,OPSP,Buffel,4,0,0,1
P13B,82,18,Tucson,OPSP,Buffel,4,0,0,1
P13B,82,18,Tucson,OPSP,Buffel,4,0,0,1
P13B,82,18,Tucson,OPSP,Buffel,4,0,0,1
P13B,82,18,Tucson,OPSP,Buffel,4,0,0,1
P13B,82,18,Tucson,OPSP,Buffel,4,0,0,1
P13B,82,18,Tucson,OPSP,Buffel,4,0,0,1
P15A,82,5,Tucson,TOID,Buffel,5,2,2,1
P15A,82,5,Tucson,AMBI,Buffel,4,0,0,1
P15A,82,5,Tucson,AMBI,Buffel,4,1,1,1
P15A,82,5,Tucson,ABIN,Buffel,4,5,5,0
P15A,82,5,Tucson,AMBI,Buffel,4,2,2,1
T01A,89,17,Tumamoc,MAPA,Buffel,4,0,0,1
T01A,89,17,Tumamoc,ABIN,Buffel,4,1,2,1
T01A,89,17,Tumamoc,AMBI,Buffel,4,4,4,1
T01A,89,17,Tumamoc,ABIN,Buffel,3,0,0,1
T01A,89,17,Tumamoc,ABIN,Buffel,3,0,0,1
T01A,89,17,Tumamoc,OVAL,Buffel,3,0,0,1
T01A,89,17,Tumamoc,SIAB,Buffel,3,0,0,1
T01A,89,17,Tumamoc,SIAB,Buffel,3,0,0,1
T01A,89,17,Tumamoc,MAPA,Buffel,3,1,1,1
T01A,89,17,Tumamoc,SIAB,Buffel,3,1,1,1
T01A,89,17,Tumamoc,ABIN,Buffel,3,3,3,1
T01A,89,17,Tumamoc,SIAB,Buffel,3,3,3,1
T01A,89,17,Tumamoc,MAPA,Buffel,3,6,6,0
T02A,89,3,Tumamoc,MAPA,Buffel,4,2,2,0
T02A,89,3,Tumamoc,AMBI,Buffel,3,0,0,1
T02A,89,3,Tumamoc,OVAL,Buffel,3,0,1,1
T03B,89,4,Tumamoc,ABIN,Buffel,5,0,0,1
T03B,89,4,Tumamoc,ABIN,Buffel,5,0,0,0
T03B,89,4,Tumamoc,ABIN,Buffel,5,1,1,1
T03B,89,4,Tumamoc,ABIN,Buffel,4,0,0,1
T04B,89,1,Tumamoc,ABIN,Buffel,3,0,0,1
T01A,89,17,Tumamoc,MAPA,Buffel,3,0,0,1
T01A,89,17,Tumamoc,MAPA,Buffel,3,0,0,1
T01A,89,17,Tumamoc,MAPA,Buffel,3,0,0,1
T01A,89,17,Tumamoc,MAPA,Buffel,3,0,0,1
R03A,157,28,Rincon,SIAB,Removal,3,2,2,1
R03A,157,28,Rincon,SIAB,Removal,2,0,0,0
R03A,157,28,Rincon,ABIN,Removal,1,0,0,1
R03A,157,28,Rincon,ABIN,Removal,1,0,0,1
R03A,157,28,Rincon,ABIN,Removal,1,0,0,1
R03A,157,28,Rincon,ABIN,Removal,1,0,0,1
R03A,157,28,Rincon,SIAB,Removal,1,0,1,1
R03A,157,28,Rincon,ABIN,Removal,1,0,2,1
R03A,157,28,Rincon,ABIN,Removal,1,0,2,1
R03A,157,28,Rincon,ABIN,Removal,1,0,2,1
R03A,157,28,Rincon,ABIN,Removal,1,0,2,1
R03A,157,28,Rincon,SIAB,Removal,1,0,3,1
R03A,157,28,Rincon,ABIN,Removal,1,0,0,0
R03A,157,28,Rincon,ABIN,Removal,1,0,0,0
R03A,157,28,Rincon,ABIN,Removal,1,0,0,0
R03A,157,28,Rincon,ABIN,Removal,1,0,0,0
R03A,157,28,Rincon,ABIN,Removal,1,0,0,0
R03A,157,28,Rincon,SIAB,Removal,1,0,0,0
R03A,157,28,Rincon,SIAB,Removal,1,2,2,1
R03A,157,28,Rincon,ABIN,Removal,1,1,2,1
R03A,157,28,Rincon,SIAB,Removal,1,9,9,0
R04B,157,50,Rincon,AMBI,Removal,5,0,0,1
R04B,157,50,Rincon,MAPA,Removal,5,2,2,0
R04B,157,50,Rincon,SIAB,Removal,5,2,2,0
R04B,157,50,Rincon,NAGR,Removal,5,4,4,0
R04B,157,50,Rincon,SIAB,Removal,5,4,4,0
R04B,157,50,Rincon,NAGR,Removal,4,4,4,1
R04B,157,50,Rincon,NAGR,Removal,4,5,5,0
R04B,157,50,Rincon,NAGR,Removal,4,5,5,0
R04B,157,50,Rincon,SIAB,Removal,4,1,1,1
R04B,157,50,Rincon,NAGR,Removal,3,0,1,1
R04B,157,50,Rincon,SIAB,Removal,2,0,0,0
R04B,157,50,Rincon,SIAB,Removal,2,0,0,0
R04B,157,50,Rincon,SIAB,Removal,2,7,7,0
R04B,157,50,Rincon,AMBI,Removal,2,1,1,1
R04B,157,50,Rincon,SIAB,Removal,2,1,2,1
R04B,157,50,Rincon,NAGR,Removal,2,3,3,1
R04B,157,50,Rincon,NAGR,Removal,2,2,2,1
R04B,157,50,Rincon,NAGR,Removal,2,2,2,1
R04B,157,50,Rincon,NAGR,Removal,2,6,6,0
R04B,157,50,Rincon,NAGR,Removal,2,3,3,1
R04B,157,50,Rincon,NAGR,Removal,2,3,3,1
R04B,157,50,Rincon,NAGR,Removal,2,7,7,0
R04B,157,50,Rincon,NAGR,Removal,2,6,6,1
R04B,157,50,Rincon,NAGR,Removal,2,6,6,1
R04B,157,50,Rincon,NAGR,Removal,2,6,6,1
R04B,157,50,Rincon,NAGR,Removal,2,6,6,1
R04B,157,50,Rincon,NAGR,Removal,2,6,6,1
R04B,157,50,Rincon,NAGR,Removal,2,6,6,1
R04B,157,50,Rincon,NAGR,Removal,2,6,6,1
R04B,157,50,Rincon,NAGR,Removal,2,6,6,1
R04B,157,50,Rincon,SIAB,Removal,2,6,6,1
R04B,157,50,Rincon,NAGR,Removal,2,7,7,0
R04B,157,50,Rincon,NAGR,Removal,2,7,7,0
R04B,157,50,Rincon,NAGR,Removal,2,5,5,0
R04B,157,50,Rincon,NAGR,Removal,2,5,5,1
R04B,157,50,Rincon,NAGR,Removal,2,6,6,1
R04B,157,50,Rincon,NAGR,Removal,2,6,6,1
R04B,157,50,Rincon,NAGR,Removal,2,6,6,1
R04B,157,50,Rincon,SIAB,Removal,2,6,6,1
R04B,157,50,Rincon,SIAB,Removal,2,6,6,1
R04B,157,50,Rincon,SIAB,Removal,2,6,6,0
R04B,157,50,Rincon,ABIN,Removal,2,7,7,0
R04B,157,50,Rincon,NAGR,Removal,2,7,7,0
R04B,157,50,Rincon,NAGR,Removal,2,7,7,0
R04B,157,50,Rincon,NAGR,Removal,2,7,7,0
R04B,157,50,Rincon,NAGR,Removal,2,7,7,0
R04B,157,50,Rincon,NAGR,Removal,2,7,7,0
R04B,157,50,Rincon,NAGR,Removal,2,7,7,0
R04B,157,50,Rincon,NAGR,Removal,2,7,7,0
R04B,157,50,Rincon,SIAB,Removal,2,7,7,0
R05B,157,14,Rincon,MAPA,Removal,7,0,0,0
R05B,157,40,Rincon,SIAB,Removal,5,3,3,0
R05B,157,40,Rincon,ABIN,Removal,4,0,0,1
R05B,157,40,Rincon,AMBI,Removal,4,0,0,1
R05B,157,40,Rincon,AMBI,Removal,4,0,0,1
R05B,157,40,Rincon,ABIN,Removal,4,1,1,1
R05B,157,40,Rincon,ABIN,Removal,4,1,1,1
R05B,157,40,Rincon,AMBI,Removal,4,1,1,1
R05B,157,40,Rincon,AMBI,Removal,4,1,1,1
R05B,157,40,Rincon,MAPA,Removal,4,6,6,0
R05B,157,40,Rincon,MAPA,Removal,4,4,5,1
R05B,157,40,Rincon,ABIN,Removal,4,4,4,0
R05B,157,40,Rincon,MAPA,Removal,4,4,4,0
R05B,157,40,Rincon,MAPA,Removal,4,6,6,0
R05B,157,40,Rincon,MAPA,Removal,4,6,6,0
R05B,157,40,Rincon,ABIN,Removal,3,0,0,1
R05B,157,40,Rincon,SIAB,Removal,3,7,7,0
R05B,157,40,Rincon,SIAB,Removal,3,5,6,1
R05B,157,40,Rincon,SIAB,Removal,2,0,0,1
R05B,157,40,Rincon,ABIN,Removal,2,0,0,0
R05B,157,40,Rincon,ABIN,Removal,2,0,0,0
R05B,157,40,Rincon,AMBI,Removal,2,0,0,0
R05B,157,40,Rincon,AMBI,Removal,2,0,0,0
R05B,157,40,Rincon,MAPA,Removal,2,0,0,0
R05B,157,40,Rincon,MAPA,Removal,2,0,0,0
R05B,157,40,Rincon,MAPA,Removal,2,0,0,0
R05B,157,40,Rincon,MAPA,Removal,2,0,0,0
R05B,157,40,Rincon,MAPA,Removal,2,0,0,0
R05B,157,40,Rincon,MAPA,Removal,2,0,0,0
R05B,157,40,Rincon,MAPA,Removal,2,0,0,0
R05B,157,40,Rincon,MAPA,Removal,2,0,0,0
R05B,157,40,Rincon,MAPA,Removal,2,0,0,0
R05B,157,40,Rincon,MAPA,Removal,2,0,0,0
R05B,157,40,Rincon,SIAB,Removal,2,0,0,0
R05B,157,40,Rincon,SIAB,Removal,2,0,0,0
R05B,157,40,Rincon,NAGR,Removal,2,3,3,0
R05B,157,40,Rincon,NAGR,Removal,2,3,3,0
R05B,157,40,Rincon,SIAB,Removal,2,6,6,0
R05B,157,40,Rincon,SIAB,Removal,2,8,8,0
R06B,157,42,Rincon,SIAB,Removal,7,2,2,0
R06B,157,42,Rincon,SIAB,Removal,6,1,1,1
R06B,157,42,Rincon,AMBI,Removal,5,0,0,1
R06B,157,42,Rincon,ABIN,Removal,4,0,0,1
R06B,157,42,Rincon,ABIN,Removal,4,0,0,1
R06B,157,42,Rincon,SIAB,Removal,4,0,0,1
R06B,157,42,Rincon,SIAB,Removal,4,4,4,1
R06B,157,42,Rincon,ABIN,Removal,3,3,3,0
R06B,157,42,Rincon,AMBI,Removal,2,0,0,1
R06B,157,42,Rincon,AMBI,Removal,2,0,0,1
R06B,157,42,Rincon,ABIN,Removal,2,0,0,0
R06B,157,42,Rincon,ABIN,Removal,2,0,0,0
R06B,157,42,Rincon,AMBI,Removal,2,0,0,0
R06B,157,42,Rincon,AMBI,Removal,2,0,0,0
R06B,157,42,Rincon,AMBI,Removal,2,0,0,0
R06B,157,42,Rincon,SIAB,Removal,2,0,0,0
R06B,157,42,Rincon,ABIN,Removal,2,1,1,1
R06B,157,42,Rincon,AMBI,Removal,2,1,1,1
R06B,157,42,Rincon,SIAB,Removal,2,1,1,1
R06B,157,42,Rincon,SIAB,Removal,2,1,1,1
R06B,157,42,Rincon,SIAB,Removal,2,1,1,1
R06B,157,42,Rincon,SIAB,Removal,2,2,2,1
R06B,157,42,Rincon,SIAB,Removal,2,2,2,1
R06B,157,42,Rincon,SIAB,Removal,2,3,3,1
R06B,157,42,Rincon,SIAB,Removal,2,3,3,1
R06B,157,42,Rincon,ABIN,Removal,2,5,5,1
R06B,157,42,Rincon,SIAB,Removal,2,5,5,0
R06B,157,42,Rincon,SIAB,Removal,2,6,6,0
R06B,157,42,Rincon,SIAB,Removal,2,6,6,0
R06B,157,42,Rincon,SIAB,Removal,2,6,6,0
R06B,157,42,Rincon,SECO,Removal,2,7,7,0
R06B,157,42,Rincon,SECO,Removal,2,7,7,0
R06B,157,42,Rincon,SIAB,Removal,2,7,7,0
R07A,157,20,Rincon,SIAB,Removal,4,1,1,1
R07A,157,20,Rincon,SIAB,Removal,4,5,5,0
R07A,157,20,Rincon,SIAB,Removal,4,5,5,0
R07A,157,20,Rincon,SECO,Removal,3,1,1,1
R07A,157,20,Rincon,SIAB,Removal,3,6,6,0
R07A,157,20,Rincon,SIAB,Removal,2,0,0,1
R07A,157,20,Rincon,AMBI,Removal,2,1,1,0
R07A,157,20,Rincon,SIAB,Removal,2,1,1,0
R07A,157,20,Rincon,SIAB,Removal,2,1,1,0
R07A,157,20,Rincon,SIAB,Removal,2,1,1,0
R07A,157,20,Rincon,SIAB,Removal,2,1,1,0
R07A,157,20,Rincon,SIAB,Removal,2,1,1,0
R07A,157,20,Rincon,SECO,Removal,2,6,6,1
R07A,157,20,Rincon,SIAB,Removal,2,6,6,0
R07A,157,20,Rincon,SIAB,Removal,2,7,7,0
R07A,157,20,Rincon,SIAB,Removal,2,7,7,0
R08B,157,1,Rincon,ABIN,Removal,2,3,3,0
R09A,157,13,Rincon,ABIN,Removal,9,0,2,1
R09A,157,13,Rincon,AMBI,Removal,9,0,2,1
R09A,157,13,Rincon,AMBI,Removal,9,0,2,1
R09A,157,13,Rincon,AMBI,Removal,9,0,2,1
R09A,157,13,Rincon,AMBI,Removal,9,0,2,1
R09A,157,13,Rincon,AMBI,Removal,9,0,2,1
R09A,157,13,Rincon,SECO,Removal,9,0,2,1
R09A,157,13,Rincon,AMBI,Removal,9,3,3,0
R09A,157,13,Rincon,ABIN,Removal,2,0,0,1
R09A,157,13,Rincon,AMBI,Removal,2,0,0,1
R09A,157,13,Rincon,AMBI,Removal,2,3,3,1
R09A,157,13,Rincon,SIAB,Removal,2,4,4,1
R09A,157,13,Rincon,SECO,Removal,2,6,6,1
R10B,157,22,Rincon,ABIN,Removal,6,0,0,1
R10B,157,22,Rincon,ABIN,Removal,6,3,3,0
R10B,157,22,Rincon,AMBI,Removal,4,5,5,0
R10B,157,22,Rincon,AMBI,Removal,3,0,0,1
R10B,157,34,Rincon,NAGR,Removal,3,5,5,0
R10B,157,34,Rincon,NAGR,Removal,3,6,6,0
R10B,157,34,Rincon,NAGR,Removal,3,5,5,1
R10B,157,34,Rincon,NAGR,Removal,3,6,6,0
R10B,157,34,Rincon,NAGR,Removal,3,6,6,0
R10B,157,34,Rincon,AMBI,Removal,2,0,0,1
R10B,157,34,Rincon,AMBI,Removal,2,0,0,1
R10B,157,34,Rincon,NAGR,Removal,2,4,4,0
R10B,157,34,Rincon,AMBI,Removal,2,1,1,1
R10B,157,34,Rincon,SECO,Removal,2,6,6,1
R10B,157,34,Rincon,AMBI,Removal,2,7,7,0
R10B,157,34,Rincon,SECO,Removal,2,7,7,0
R10B,157,34,Rincon,SECO,Removal,2,7,7,0
R10B,157,34,Rincon,SECO,Removal,2,7,7,0
R10B,157,34,Rincon,SECO,Removal,2,7,7,0
R10B,157,34,Rincon,SECO,Removal,2,7,7,0
R10B,157,34,Rincon,SECO,Removal,2,7,7,0
R11A,157,32,Rincon,AMBI,Removal,9,0,1,1
R11A,157,32,Rincon,AMBI,Removal,9,0,1,1
R11A,157,32,Rincon,AMBI,Removal,9,0,1,1
R11A,157,32,Rincon,AMBI,Removal,9,0,1,1
R11A,157,32,Rincon,AMBI,Removal,9,0,1,1
R11A,157,32,Rincon,AMBI,Removal,9,0,1,1
R11A,157,32,Rincon,AMBI,Removal,9,0,1,1
R11A,157,32,Rincon,AMBI,Removal,9,0,1,1
R11A,157,32,Rincon,AMBI,Removal,9,0,1,1
R11A,157,32,Rincon,AMBI,Removal,9,0,1,1
R11A,157,32,Rincon,SIAB,Removal,9,0,1,1
R11A,157,32,Rincon,AMBI,Removal,9,0,0,0
R11A,157,32,Rincon,AMBI,Removal,9,2,2,0
R11A,157,32,Rincon,AMBI,Removal,9,2,2,0
R11A,157,32,Rincon,AMBI,Removal,9,2,2,0
R11A,157,32,Rincon,AMBI,Removal,9,2,2,0
R11A,157,32,Rincon,AMBI,Removal,9,2,2,0
R11A,157,32,Rincon,SECO,Removal,9,2,2,0
R11A,157,32,Rincon,ABIN,Removal,9,0,1,1
R11A,157,32,Rincon,AMBI,Removal,6,0,0,1
R11A,157,32,Rincon,AMBI,Removal,6,0,0,1
R11A,157,32,Rincon,AMBI,Removal,6,0,0,1
R11A,157,32,Rincon,NAGR,Removal,6,0,2,1
R11A,157,32,Rincon,AMBI,Removal,2,0,0,1
R11A,157,32,Rincon,AMBI,Removal,2,1,1,1
R11A,157,32,Rincon,AMBI,Removal,2,1,1,1
R11A,157,32,Rincon,AMBI,Removal,2,1,1,1
R11A,157,32,Rincon,AMBI,Removal,2,2,2,0
R11A,157,32,Rincon,SECO,Removal,2,5,6,1
R11A,157,32,Rincon,SECO,Removal,2,6,8,1
R11A,157,32,Rincon,AMBI,Removal,2,7,7,0
R11A,157,32,Rincon,SECO,Removal,2,7,7,0
R12A,157,60,Rincon,AMBI,Removal,5,0,0,1
R12A,157,60,Rincon,AMBI,Removal,5,0,0,0
R12A,157,60,Rincon,AMBI,Removal,5,1,1,1
R12A,157,60,Rincon,AMBI,Removal,4,0,0,1
R12A,157,60,Rincon,AMBI,Removal,4,1,1,1
R12A,157,60,Rincon,AMBI,Removal,4,1,1,1
R12A,157,60,Rincon,AMBI,Removal,4,1,1,1
R12A,157,60,Rincon,AMBI,Removal,4,1,1,0
R12A,157,60,Rincon,AMBI,Removal,3,0,0,1
R12A,157,60,Rincon,AMBI,Removal,3,0,0,1
R12A,157,60,Rincon,AMBI,Removal,3,0,0,1
R12A,157,60,Rincon,AMBI,Removal,3,0,1,1
R12A,157,60,Rincon,AMBI,Removal,3,0,0,0
R12A,157,60,Rincon,AMBI,Removal,3,0,0,0
R12A,157,60,Rincon,AMBI,Removal,3,0,0,0
R12A,157,60,Rincon,AMBI,Removal,3,0,0,0
R12A,157,60,Rincon,AMBI,Removal,3,0,0,0
R12A,157,60,Rincon,AMBI,Removal,3,0,0,0
R12A,157,60,Rincon,AMBI,Removal,2,0,0,1
R12A,157,60,Rincon,ASSP,Removal,2,4,4,0
R12A,157,60,Rincon,AMBI,Removal,2,3,3,0
R12A,157,60,Rincon,AMBI,Removal,2,2,2,0
R12A,157,60,Rincon,AMBI,Removal,2,2,2,0
R12A,157,60,Rincon,ASSP,Removal,2,5,5,0
R12A,157,60,Rincon,AMBI,Removal,2,1,1,1
R12A,157,60,Rincon,AMBI,Removal,2,1,3,1
R12A,157,60,Rincon,SIAB,Removal,2,1,1,0
R12A,157,60,Rincon,AMBI,Removal,2,6,6,0
R12A,157,60,Rincon,ASSP,Removal,2,6,6,0
R12A,157,60,Rincon,AMBI,Removal,2,7,7,0
R12A,157,60,Rincon,AMBI,Removal,2,7,7,0
R12A,157,60,Rincon,ASSP,Removal,2,6,6,0
R12A,157,60,Rincon,AMBI,Removal,2,8,8,0
R12A,157,60,Rincon,ASSP,Removal,2,8,8,0
R12A,157,60,Rincon,AMBI,Removal,2,6,6,0
R12A,157,60,Rincon,AMBI,Removal,2,6,6,1
R12A,157,60,Rincon,AMBI,Removal,2,5,5,0
R12A,157,60,Rincon,ASSP,Removal,2,7,7,0
R12A,157,60,Rincon,ASSP,Removal,2,4,4,0
R12A,157,60,Rincon,ASSP,Removal,2,7,7,0
R12A,157,60,Rincon,ASSP,Removal,2,5,5,0
R12A,157,60,Rincon,ASSP,Removal,2,6,6,1
R12A,157,60,Rincon,ASSP,Removal,2,6,6,1
R12A,157,60,Rincon,ASSP,Removal,2,6,6,0
R12A,157,60,Rincon,ASSP,Removal,2,7,7,0
R12A,157,60,Rincon,ASSP,Removal,2,7,7,0
R12A,157,60,Rincon,ASSP,Removal,2,7,7,0
R12A,157,60,Rincon,ASSP,Removal,2,7,7,0
R12A,157,60,Rincon,ASSP,Removal,2,7,7,0
R12A,157,60,Rincon,ASSP,Removal,2,7,7,0
R13A,157,14,Rincon,AMBI,Removal,2,0,0,1
R13A,157,14,Rincon,AMBI,Removal,2,0,0,1
R13A,157,14,Rincon,AMBI,Removal,2,0,0,1
R13A,157,14,Rincon,AMBI,Removal,2,1,4,1
R13A,157,14,Rincon,AMBI,Removal,2,4,4,0
R13B,157,3,Rincon,ASSP,Removal,6,2,2,0
R14A,157,4,Rincon,AMBI,Removal,4,1,1,1
R14A,157,4,Rincon,AMBI,Removal,4,1,1,1
R14A,157,4,Rincon,SIAB,Removal,4,2,2,1
R14A,157,4,Rincon,SIAB,Removal,2,8,8,0
P01B,82,20,Tucson,ABIN,Removal,7,2,2,0
P01B,82,20,Tucson,MAPA,Removal,5,0,0,1
P01B,82,20,Tucson,ABIN,Removal,4,0,0,1
P01B,82,20,Tucson,ABIN,Removal,4,0,0,1
P01B,82,20,Tucson,ABIN,Removal,4,0,0,1
P01B,82,20,Tucson,ABIN,Removal,4,0,0,1
P01B,82,20,Tucson,ABIN,Removal,4,0,0,1
P01B,82,20,Tucson,ABIN,Removal,4,0,0,1
P01B,82,20,Tucson,ABIN,Removal,4,0,0,0
P01B,82,20,Tucson,ABIN,Removal,4,2,2,1
P01B,82,20,Tucson,ABIN,Removal,4,2,3,1
P01B,82,20,Tucson,ABIN,Removal,4,3,3,1
P01B,82,20,Tucson,ABIN,Removal,4,3,3,1
P01B,82,20,Tucson,ABIN,Removal,4,3,3,1
P01B,82,20,Tucson,SECO,Removal,4,3,3,1
P01B,82,20,Tucson,SECO,Removal,4,3,3,1
P01B,82,20,Tucson,TOID,Removal,4,3,3,1
P01B,82,20,Tucson,ABIN,Removal,4,4,4,1
P01B,82,20,Tucson,ABIN,Removal,4,5,5,0
P01B,82,20,Tucson,ABIN,Removal,4,5,5,0
P02A,82,111,Tucson,AMBI,Removal,9,0,0,0
P02A,82,111,Tucson,AMBI,Removal,9,0,0,0
P02A,82,111,Tucson,AMBI,Removal,9,0,0,0
P02A,82,111,Tucson,AMBI,Removal,9,0,0,0
P02A,82,111,Tucson,ABIN,Removal,8,1,1,0
P02A,82,111,Tucson,ABIN,Removal,8,1,1,0
P02A,82,111,Tucson,AMBI,Removal,8,1,1,0
P02A,82,111,Tucson,SPLA,Removal,8,1,1,0
P02A,82,111,Tucson,SPLA,Removal,8,1,1,0
P02A,82,111,Tucson,ABIN,Removal,5,0,0,0
P02A,82,111,Tucson,ABIN,Removal,5,2,2,0
P02A,82,111,Tucson,MAPA,Removal,4,0,0,1
P02A,82,111,Tucson,ABIN,Removal,4,0,0,1
P02A,82,111,Tucson,ABIN,Removal,4,0,0,1
P02A,82,111,Tucson,ABIN,Removal,4,0,0,1
P02A,82,111,Tucson,ABIN,Removal,4,0,0,1
P02A,82,111,Tucson,ABIN,Removal,4,0,0,1
P02A,82,111,Tucson,ABIN,Removal,4,0,0,1
P02A,82,111,Tucson,ABIN,Removal,4,0,0,1
P02A,82,111,Tucson,ABIN,Removal,4,0,0,1
P02A,82,111,Tucson,ABIN,Removal,4,0,0,1
P02A,82,111,Tucson,ABIN,Removal,4,0,0,1
P02A,82,111,Tucson,ABIN,Removal,4,0,0,1
P02A,82,111,Tucson,ABIN,Removal,4,0,0,1
P02A,82,111,Tucson,ABIN,Removal,4,0,0,1
P02A,82,111,Tucson,ABIN,Removal,4,0,0,1
P02A,82,111,Tucson,ABIN,Removal,4,0,0,1
P02A,82,111,Tucson,ABIN,Removal,4,0,0,1
P02A,82,111,Tucson,ABIN,Removal,4,0,0,1
P02A,82,111,Tucson,ABIN,Removal,4,0,0,1
P02A,82,111,Tucson,OPSP,Removal,4,0,0,1
P02A,82,111,Tucson,OPSP,Removal,4,0,0,1
P02A,82,111,Tucson,OPSP,Removal,4,0,0,1
P02A,82,111,Tucson,OPSP,Removal,4,0,0,1
P02A,82,111,Tucson,OPSP,Removal,4,0,0,1
P02A,82,111,Tucson,OPSP,Removal,4,0,0,1
P02A,82,111,Tucson,OPSP,Removal,4,0,0,1
P02A,82,111,Tucson,OPSP,Removal,4,0,0,1
P02A,82,111,Tucson,ABIN,Removal,4,0,1,1
P02A,82,111,Tucson,MAPA,Removal,4,0,1,1
P02A,82,111,Tucson,ABIN,Removal,4,0,2,1
P02A,82,111,Tucson,ABIN,Removal,4,0,3,1
P02A,82,111,Tucson,MAPA,Removal,4,0,0,0
P02A,82,111,Tucson,ABIN,Removal,4,4,4,0
P02A,82,111,Tucson,ABIN,Removal,4,2,2,1
P02A,82,111,Tucson,ABIN,Removal,4,3,3,1
P02A,82,111,Tucson,ABIN,Removal,4,3,3,1
P02A,82,111,Tucson,ABIN,Removal,4,3,3,1
P02A,82,111,Tucson,ABIN,Removal,4,3,3,1
P02A,82,111,Tucson,ABIN,Removal,4,3,3,1
P02A,82,111,Tucson,ABIN,Removal,4,1,1,1
P02A,82,111,Tucson,ABIN,Removal,4,1,1,1
P02A,82,111,Tucson,ABIN,Removal,4,1,1,1
P02A,82,111,Tucson,ABIN,Removal,4,1,1,1
P02A,82,111,Tucson,ABIN,Removal,4,1,1,1
P02A,82,111,Tucson,ABIN,Removal,4,1,1,1
P02A,82,111,Tucson,ABIN,Removal,4,1,1,1
P02A,82,111,Tucson,ABIN,Removal,4,1,1,1
P02A,82,111,Tucson,ABIN,Removal,4,1,1,1
P02A,82,111,Tucson,ABIN,Removal,4,1,1,1
P02A,82,111,Tucson,ABIN,Removal,4,1,1,1
P02A,82,111,Tucson,ABIN,Removal,4,1,1,1
P02A,82,111,Tucson,ABIN,Removal,4,1,1,1
P02A,82,111,Tucson,ABIN,Removal,4,1,1,1
P02A,82,111,Tucson,MAPA,Removal,4,1,1,1
P02A,82,111,Tucson,MAPA,Removal,4,1,1,1
P02A,82,111,Tucson,MAPA,Removal,4,1,1,1
P02A,82,111,Tucson,MAPA,Removal,4,1,1,1
P02A,82,111,Tucson,MAPA,Removal,4,1,1,1
P02A,82,111,Tucson,MAPA,Removal,4,1,4,1
P02A,82,111,Tucson,ABIN,Removal,4,1,1,0
P02A,82,111,Tucson,ABIN,Removal,4,1,1,0
P02A,82,111,Tucson,AMBI,Removal,4,1,1,0
P02A,82,111,Tucson,MAPA,Removal,4,1,1,0
P02A,82,111,Tucson,ABIN,Removal,4,3,3,0
P02A,82,111,Tucson,ABIN,Removal,4,4,4,1
P02A,82,111,Tucson,ABIN,Removal,4,2,2,1
P02A,82,111,Tucson,ABIN,Removal,4,2,3,1
P02A,82,111,Tucson,ABIN,Removal,4,2,3,1
P02A,82,111,Tucson,ABIN,Removal,4,3,3,1
P02A,82,111,Tucson,ABIN,Removal,4,3,3,1
P02A,82,111,Tucson,ABIN,Removal,4,3,3,1
P02A,82,111,Tucson,ABIN,Removal,4,3,3,1
P02A,82,111,Tucson,ABIN,Removal,4,3,3,1
P02A,82,111,Tucson,ABIN,Removal,4,3,3,1
P02A,82,111,Tucson,ABIN,Removal,4,3,3,1
P02A,82,111,Tucson,ABIN,Removal,4,3,3,1
P02A,82,111,Tucson,ABIN,Removal,4,3,3,1
P02A,82,111,Tucson,ABIN,Removal,4,3,3,1
P02A,82,111,Tucson,ABIN,Removal,4,3,3,1
P02A,82,111,Tucson,ABIN,Removal,4,3,3,1
P02A,82,111,Tucson,ABIN,Removal,4,3,3,1
P02A,82,111,Tucson,ABIN,Removal,4,3,3,1
P02A,82,111,Tucson,ABIN,Removal,4,3,3,1
P02A,82,111,Tucson,ABIN,Removal,4,3,3,1
P02A,82,111,Tucson,ABIN,Removal,4,3,3,1
P02A,82,111,Tucson,AMBI,Removal,4,3,3,1
P02A,82,111,Tucson,MAPA,Removal,4,3,3,1
P02A,82,111,Tucson,MAPA,Removal,4,3,3,1
P02A,82,111,Tucson,ABIN,Removal,4,3,4,1
P02A,82,111,Tucson,ABIN,Removal,4,3,3,0
P02A,82,111,Tucson,ABIN,Removal,4,4,4,1
P02A,82,111,Tucson,MAPA,Removal,4,4,4,1
P02A,82,111,Tucson,ABIN,Removal,4,5,5,0
P02A,82,111,Tucson,ABIN,Removal,4,5,5,0
P02A,82,111,Tucson,ABIN,Removal,3,0,0,1
P02A,82,111,Tucson,ABIN,Removal,3,0,0,1
P02A,82,111,Tucson,MAPA,Removal,3,0,0,1
P02A,82,111,Tucson,MAPA,Removal,3,0,0,1
P02A,82,111,Tucson,ABIN,Removal,3,0,1,1
P02A,82,111,Tucson,ABIN,Removal,3,2,2,1
P03A,82,4,Tucson,AMBI,Removal,4,0,0,1
P03A,82,4,Tucson,AMBI,Removal,4,3,3,1
P03A,82,4,Tucson,PAMI,Removal,4,3,3,0
P03A,82,4,Tucson,ABIN,Removal,4,5,5,0
P06B,82,3,Tucson,ABIN,Removal,6,0,0,1
P06B,82,3,Tucson,ABIN,Removal,4,1,1,1
P06B,82,3,Tucson,ABIN,Removal,4,3,4,1
P07A,82,13,Tucson,ABIN,Removal,7,0,0,0
P07A,82,13,Tucson,MAPA,Removal,7,2,2,0
P07A,82,13,Tucson,MAPA,Removal,6,3,3,0
P07A,82,13,Tucson,TOID,Removal,5,2,2,1
P07A,82,13,Tucson,SECO,Removal,4,0,0,1
P07A,82,13,Tucson,AMBI,Removal,4,0,0,1
P07A,82,13,Tucson,AMBI,Removal,4,1,1,1
P07A,82,13,Tucson,MAPA,Removal,4,1,1,1
P07A,82,13,Tucson,AMBI,Removal,4,1,4,1
P07A,82,13,Tucson,ABIN,Removal,4,3,3,1
P07A,82,13,Tucson,SECO,Removal,4,3,3,0
P07A,82,13,Tucson,ABIN,Removal,4,5,5,0
P07A,82,13,Tucson,PAMI,Removal,4,5,5,0
P08B,82,14,Tucson,ABIN,Removal,8,1,1,0
P08B,82,14,Tucson,AMBI,Removal,5,4,4,0
P08B,82,14,Tucson,AMBI,Removal,4,0,0,1
P08B,82,14,Tucson,AMBI,Removal,4,0,0,1
P08B,82,14,Tucson,ABIN,Removal,4,1,1,1
P08B,82,14,Tucson,AMBI,Removal,4,1,1,1
P08B,82,14,Tucson,AMBI,Removal,4,1,1,1
P08B,82,14,Tucson,ABIN,Removal,4,3,3,1
P08B,82,14,Tucson,ABIN,Removal,4,4,4,1
P08B,82,14,Tucson,AMBI,Removal,4,4,4,1
P08B,82,14,Tucson,ABIN,Removal,4,5,5,0
P08B,82,14,Tucson,ABIN,Removal,4,5,5,0
P08B,82,14,Tucson,AMBI,Removal,4,5,5,0
P08B,82,14,Tucson,AMBI,Removal,4,5,5,0
P09B,82,1,Tucson,MAPA,Removal,4,0,0,1
P10B,82,1,Tucson,TOID,Removal,4,1,1,1
P11A,82,1,Tucson,LONO,Removal,6,1,1,1
P14B,82,1,Tucson,PAMI,Removal,4,1,1,1
P15B,82,15,Tucson,ABIN,Removal,8,0,0,1
P15B,82,15,Tucson,CAGI,Removal,8,0,0,1
P15B,82,15,Tucson,CAGI,Removal,8,1,1,0
P15B,82,15,Tucson,ABIN,Removal,4,0,0,1
P15B,82,15,Tucson,ABIN,Removal,4,0,0,1
P15B,82,15,Tucson,ABIN,Removal,4,1,1,1
P15B,82,15,Tucson,ABIN,Removal,4,1,1,1
P15B,82,15,Tucson,ABIN,Removal,4,1,1,1
P15B,82,15,Tucson,ABIN,Removal,4,1,1,1
P15B,82,15,Tucson,ABIN,Removal,4,1,1,1
P15B,82,15,Tucson,ABIN,Removal,4,1,1,1
P15B,82,15,Tucson,ABIN,Removal,4,1,2,1
P15B,82,15,Tucson,ABIN,Removal,4,3,3,1
P15B,82,15,Tucson,ABIN,Removal,4,3,3,1
P15B,82,15,Tucson,ABIN,Removal,4,3,3,1
T01B,89,7,Tumamoc,AMBI,Removal,6,2,2,1
T01B,89,7,Tumamoc,AMBI,Removal,5,0,0,1
T01B,89,7,Tumamoc,AMBI,Removal,5,0,0,1
T01B,89,7,Tumamoc,ABIN,Removal,5,0,0,0
T01B,89,7,Tumamoc,ABIN,Removal,5,0,0,0
T01B,89,7,Tumamoc,AMBI,Removal,3,0,0,1
T01B,89,7,Tumamoc,AMBI,Removal,3,2,2,1
T02B,89,38,Tumamoc,AMBI,Removal,5,0,0,1
T02B,89,38,Tumamoc,AMBI,Removal,5,0,0,1
T02B,89,38,Tumamoc,AMBI,Removal,5,0,0,1
T02B,89,38,Tumamoc,ABIN,Removal,5,0,1,1
T02B,89,38,Tumamoc,SECO,Removal,5,0,0,0
T02B,89,38,Tumamoc,SIAB,Removal,5,3,3,1
T02B,89,38,Tumamoc,AMBI,Removal,4,0,0,1
T02B,89,38,Tumamoc,AMBI,Removal,4,0,1,1
T02B,89,38,Tumamoc,SECO,Removal,4,2,2,1
T02B,89,38,Tumamoc,SECO,Removal,4,3,3,1
T02B,89,38,Tumamoc,ABIN,Removal,3,0,0,1
T02B,89,38,Tumamoc,ABIN,Removal,3,0,0,1
T02B,89,38,Tumamoc,ABIN,Removal,3,0,0,1
T02B,89,38,Tumamoc,ABIN,Removal,3,0,0,1
T02B,89,38,Tumamoc,AMBI,Removal,3,0,0,1
T02B,89,38,Tumamoc,AMBI,Removal,3,0,0,1
T02B,89,38,Tumamoc,AMBI,Removal,3,0,0,1
T02B,89,38,Tumamoc,AMBI,Removal,3,0,0,1
T02B,89,38,Tumamoc,AMBI,Removal,3,0,0,1
T02B,89,38,Tumamoc,AMBI,Removal,3,0,0,1
T02B,89,38,Tumamoc,AMBI,Removal,3,0,0,1
T02B,89,38,Tumamoc,AMBI,Removal,3,0,0,1
T02B,89,38,Tumamoc,AMBI,Removal,3,0,0,1
T02B,89,38,Tumamoc,AMBI,Removal,3,0,0,1
T02B,89,38,Tumamoc,AMBI,Removal,3,0,0,1
T02B,89,38,Tumamoc,AMBI,Removal,3,0,0,1
T02B,89,38,Tumamoc,AMBI,Removal,3,0,0,1
T02B,89,38,Tumamoc,AMBI,Removal,3,0,0,1
T02B,89,38,Tumamoc,AMBI,Removal,3,0,0,1
T02B,89,38,Tumamoc,AMBI,Removal,3,0,0,0
T02B,89,38,Tumamoc,AMBI,Removal,3,0,0,0
T02B,89,38,Tumamoc,AMBI,Removal,3,1,1,1
T02B,89,38,Tumamoc,AMBI,Removal,3,1,1,1
T02B,89,38,Tumamoc,AMBI,Removal,3,1,1,1
T02B,89,38,Tumamoc,AMBI,Removal,3,1,1,1
T02B,89,38,Tumamoc,SECO,Removal,3,6,6,0
T02B,89,38,Tumamoc,SECO,Removal,3,6,6,0
T02C,89,1,Tumamoc,AMBI,Removal,5,0,0,1
T03A,89,6,Tumamoc,ABIN,Removal,5,0,0,1
T03A,89,6,Tumamoc,ABIN,Removal,5,0,0,1
T03A,89,6,Tumamoc,ABIN,Removal,5,1,1,1
T03A,89,6,Tumamoc,ABIN,Removal,4,5,5,0
T03A,89,6,Tumamoc,SIAB,Removal,3,0,0,0
T04A,89,11,Tumamoc,AMBI,Removal,5,0,0,1
T04A,89,11,Tumamoc,AMBI,Removal,5,0,0,1
T04A,89,11,Tumamoc,AMBI,Removal,5,0,0,1
T04A,89,11,Tumamoc,AMBI,Removal,4,0,0,1
T04A,89,11,Tumamoc,MAPA,Removal,4,0,0,1
T04A,89,11,Tumamoc,ABIN,Removal,3,0,0,1
T04A,89,11,Tumamoc,ABIN,Removal,3,1,1,1
T04A,89,11,Tumamoc,MAPA,Removal,3,1,1,1
T04A,89,11,Tumamoc,MAPA,Removal,3,2,2,1
T05B,89,11,Tumamoc,ABIN,Removal,5,0,0,1
T05B,89,11,Tumamoc,ABIN,Removal,5,0,0,1
T05B,89,11,Tumamoc,ABIN,Removal,5,0,1,1
T05B,89,11,Tumamoc,ABIN,Removal,5,0,0,0
T05B,89,11,Tumamoc,SIAB,Removal,5,4,4,1
T05B,89,11,Tumamoc,ABIN,Removal,5,4,4,0
T05B,89,11,Tumamoc,SIAB,Removal,4,1,1,1
T05B,89,11,Tumamoc,SIAB,Removal,4,4,4,1
T05B,89,11,Tumamoc,SIAB,Removal,3,2,2,1
T05B,89,11,Tumamoc,AMBI,Removal,3,5,5,1
T06B,89,1,Tumamoc,AMBI,Removal,5,1,1,1
T02B,89,38,Tumamoc,AMBI,Removal,7,2,2,0
T03A,89,6,Tumamoc,SIAB,Removal,3,0,0,1
T04A,89,11,Tumamoc,MAPA,Removal,3,0,0,1
T04A,89,11,Tumamoc,MAPA,Removal,3,0,0,1
T05B,89,11,Tumamoc,AMBI,Removal,3,0,0,1
R01C,157,45,Rincon,NAGR,Uninvaded,6,0,0,1
R01C,157,45,Rincon,NAGR,Uninvaded,6,4,4,0
R01C,157,45,Rincon,NAGR,Uninvaded,3,5,5,0
R01C,157,45,Rincon,NAGR,Uninvaded,2,1,2,1
R01C,157,45,Rincon,NAGR,Uninvaded,2,1,3,1
R01C,157,45,Rincon,NAGR,Uninvaded,2,1,1,0
R01C,157,45,Rincon,NAGR,Uninvaded,2,1,1,0
R01C,157,45,Rincon,NAGR,Uninvaded,2,1,1,0
R01C,157,45,Rincon,NAGR,Uninvaded,2,1,1,0
R01C,157,45,Rincon,NAGR,Uninvaded,2,1,1,0
R01C,157,45,Rincon,NAGR,Uninvaded,2,8,8,0
R01C,157,45,Rincon,NAGR,Uninvaded,2,8,8,0
R01C,157,45,Rincon,NAGR,Uninvaded,2,8,8,0
R01C,157,45,Rincon,NAGR,Uninvaded,2,3,3,1
R01C,157,45,Rincon,NAGR,Uninvaded,2,3,3,1
R01C,157,45,Rincon,NAGR,Uninvaded,2,3,3,1
R01C,157,45,Rincon,NAGR,Uninvaded,2,3,3,1
R01C,157,45,Rincon,NAGR,Uninvaded,2,3,3,1
R01C,157,45,Rincon,NAGR,Uninvaded,2,3,3,1
R01C,157,45,Rincon,NAGR,Uninvaded,2,3,3,0
R01C,157,45,Rincon,NAGR,Uninvaded,2,8,8,0
R01C,157,45,Rincon,NAGR,Uninvaded,2,8,8,0
R01C,157,45,Rincon,NAGR,Uninvaded,2,8,8,0
R01C,157,45,Rincon,NAGR,Uninvaded,2,6,6,0
R01C,157,45,Rincon,NAGR,Uninvaded,2,6,6,0
R01C,157,45,Rincon,NAGR,Uninvaded,2,6,6,0
R01C,157,45,Rincon,NAGR,Uninvaded,2,8,8,0
R01C,157,45,Rincon,NAGR,Uninvaded,2,8,8,0
R01C,157,45,Rincon,NAGR,Uninvaded,2,8,8,0
R01C,157,45,Rincon,NAGR,Uninvaded,2,8,8,0
R01C,157,45,Rincon,NAGR,Uninvaded,2,8,8,0
R01C,157,45,Rincon,NAGR,Uninvaded,2,8,8,0
R01C,157,45,Rincon,NAGR,Uninvaded,2,8,8,0
R01C,157,45,Rincon,NAGR,Uninvaded,2,8,8,0
R01C,157,45,Rincon,NAGR,Uninvaded,2,8,8,0
R01C,157,45,Rincon,NAGR,Uninvaded,2,8,8,0
R01C,157,45,Rincon,NAGR,Uninvaded,2,8,8,0
R01C,157,45,Rincon,NAGR,Uninvaded,2,8,8,0
R01C,157,45,Rincon,NAGR,Uninvaded,2,8,8,0
R03C,157,10,Rincon,SIAB,Uninvaded,2,3,3,1
R03C,157,10,Rincon,SIAB,Uninvaded,1,6,8,1
R04C,157,87,Rincon,ABIN,Uninvaded,6,0,0,1
R04C,157,87,Rincon,SIAB,Uninvaded,6,0,0,0
R04C,157,87,Rincon,ABIN,Uninvaded,6,2,2,1
R04C,157,87,Rincon,SIAB,Uninvaded,6,3,3,0
R04C,157,87,Rincon,NAGR,Uninvaded,6,0,0,0
R04C,157,87,Rincon,AMBI,Uninvaded,5,0,1,1
R04C,157,87,Rincon,ABIN,Uninvaded,5,2,2,0
R04C,157,87,Rincon,TOID,Uninvaded,5,1,1,1
R04C,157,87,Rincon,NAGR,Uninvaded,5,3,3,0
R04C,157,87,Rincon,NAGR,Uninvaded,5,3,3,0
R04C,157,87,Rincon,NAGR,Uninvaded,5,3,3,0
R04C,157,87,Rincon,NAGR,Uninvaded,5,4,4,0
R04C,157,87,Rincon,NAGR,Uninvaded,4,5,5,0
R04C,157,87,Rincon,ABIN,Uninvaded,3,0,0,1
R04C,157,87,Rincon,ABIN,Uninvaded,3,0,0,1
R04C,157,87,Rincon,ABIN,Uninvaded,3,0,0,1
R04C,157,87,Rincon,ABIN,Uninvaded,3,0,0,1
R04C,157,87,Rincon,ABIN,Uninvaded,3,0,0,1
R04C,157,87,Rincon,ABIN,Uninvaded,3,0,0,0
R04C,157,87,Rincon,ABIN,Uninvaded,3,6,6,0
R04C,157,87,Rincon,ABIN,Uninvaded,3,6,6,0
R04C,157,87,Rincon,ABIN,Uninvaded,3,1,1,1
R04C,157,87,Rincon,AMBI,Uninvaded,3,1,1,1
R04C,157,87,Rincon,AMBI,Uninvaded,3,1,1,1
R04C,157,87,Rincon,ABIN,Uninvaded,3,1,2,1
R04C,157,87,Rincon,ABIN,Uninvaded,3,5,5,0
R04C,157,87,Rincon,ABIN,Uninvaded,3,2,2,1
R04C,157,87,Rincon,ABIN,Uninvaded,3,2,2,0
R04C,157,87,Rincon,ABIN,Uninvaded,3,3,3,1
R04C,157,87,Rincon,ABIN,Uninvaded,3,5,5,0
R04C,157,87,Rincon,ABIN,Uninvaded,3,5,5,0
R04C,157,87,Rincon,ABIN,Uninvaded,3,5,5,0
R04C,157,87,Rincon,ABIN,Uninvaded,3,6,6,0
R04C,157,87,Rincon,ABIN,Uninvaded,3,6,6,0
R04C,157,87,Rincon,ABIN,Uninvaded,3,6,6,0
R04C,157,87,Rincon,ABIN,Uninvaded,3,6,6,0
R04C,157,87,Rincon,ABIN,Uninvaded,3,6,6,0
R04C,157,87,Rincon,ABIN,Uninvaded,3,6,6,0
R04C,157,87,Rincon,ABIN,Uninvaded,3,6,6,0
R04C,157,87,Rincon,ABIN,Uninvaded,3,6,6,0
R04C,157,87,Rincon,MAPA,Uninvaded,3,6,6,0
R04C,157,87,Rincon,SECO,Uninvaded,3,6,6,0
R04C,157,87,Rincon,SIAB,Uninvaded,3,6,6,0
R04C,157,87,Rincon,ABIN,Uninvaded,2,0,0,0
R04C,157,87,Rincon,ABIN,Uninvaded,2,0,0,0
R04C,157,87,Rincon,ABIN,Uninvaded,2,0,0,0
R04C,157,87,Rincon,ABIN,Uninvaded,2,0,0,0
R04C,157,87,Rincon,ABIN,Uninvaded,2,0,0,0
R04C,157,87,Rincon,ABIN,Uninvaded,2,0,0,0
R04C,157,87,Rincon,ABIN,Uninvaded,2,0,0,0
R04C,157,87,Rincon,ABIN,Uninvaded,2,0,0,0
R04C,157,87,Rincon,ABIN,Uninvaded,2,0,0,0
R04C,157,87,Rincon,ABIN,Uninvaded,2,0,0,0
R04C,157,87,Rincon,ABIN,Uninvaded,2,0,0,0
R04C,157,87,Rincon,ABIN,Uninvaded,2,0,0,0
R04C,157,87,Rincon,ABIN,Uninvaded,2,0,0,0
R04C,157,87,Rincon,ABIN,Uninvaded,2,0,0,0
R04C,157,87,Rincon,ABIN,Uninvaded,2,0,0,0
R04C,157,87,Rincon,ABIN,Uninvaded,2,0,0,0
R04C,157,87,Rincon,ABIN,Uninvaded,2,0,0,0
R04C,157,87,Rincon,ABIN,Uninvaded,2,0,0,0
R04C,157,87,Rincon,ABIN,Uninvaded,2,0,0,0
R04C,157,87,Rincon,ABIN,Uninvaded,2,0,0,0
R04C,157,87,Rincon,ABIN,Uninvaded,2,0,0,0
R04C,157,87,Rincon,ABIN,Uninvaded,2,0,0,0
R04C,157,87,Rincon,ABIN,Uninvaded,2,0,0,0
R04C,157,87,Rincon,AMBI,Uninvaded,2,0,0,0
R04C,157,87,Rincon,AMBI,Uninvaded,2,0,0,0
R04C,157,87,Rincon,ABIN,Uninvaded,2,3,3,0
R04C,157,87,Rincon,ABIN,Uninvaded,2,3,3,0
R04C,157,87,Rincon,NAGR,Uninvaded,2,3,3,0
R04C,157,87,Rincon,NAGR,Uninvaded,2,6,6,0
R04C,157,87,Rincon,NAGR,Uninvaded,2,6,6,0
R04C,157,87,Rincon,NAGR,Uninvaded,2,7,7,0
R04C,157,87,Rincon,SIAB,Uninvaded,2,7,7,0
R04C,157,87,Rincon,SIAB,Uninvaded,1,0,0,1
R04C,157,87,Rincon,ABIN,Uninvaded,1,0,2,1
R04C,157,87,Rincon,ABIN,Uninvaded,1,0,2,1
R04C,157,87,Rincon,ABIN,Uninvaded,1,0,0,0
R04C,157,87,Rincon,ABIN,Uninvaded,1,2,2,0
R04C,157,87,Rincon,ABIN,Uninvaded,1,4,4,1
R04C,157,87,Rincon,SIAB,Uninvaded,1,8,8,0
R04C,157,87,Rincon,ABIN,Uninvaded,1,7,7,0
R04C,157,87,Rincon,SIAB,Uninvaded,1,8,8,0
R04C,157,87,Rincon,AMBI,Uninvaded,1,8,8,0
R04C,157,87,Rincon,SIAB,Uninvaded,1,8,8,0
R05C,157,40,Rincon,NAGR,Uninvaded,5,3,3,0
R05C,157,18,Rincon,NAGR,Uninvaded,5,1,1,0
R05C,157,18,Rincon,NAGR,Uninvaded,5,3,4,0
R05C,157,18,Rincon,NAGR,Uninvaded,5,5,5,0
R05C,157,18,Rincon,NAGR,Uninvaded,5,5,5,0
R05C,157,18,Rincon,NAGR,Uninvaded,4,0,0,0
R05C,157,18,Rincon,NAGR,Uninvaded,4,6,6,0
R05C,157,18,Rincon,NAGR,Uninvaded,4,1,1,0
R05C,157,18,Rincon,NAGR,Uninvaded,4,1,1,0
R05C,157,18,Rincon,NAGR,Uninvaded,4,6,6,0
R05C,157,18,Rincon,NAGR,Uninvaded,4,6,6,0
R05C,157,18,Rincon,NAGR,Uninvaded,4,6,6,0
R05C,157,18,Rincon,NAGR,Uninvaded,4,6,6,0
R05C,157,18,Rincon,SIAB,Uninvaded,3,7,7,0
R05C,157,18,Rincon,NAGR,Uninvaded,3,2,2,0
R05C,157,18,Rincon,NAGR,Uninvaded,3,2,2,0
R05C,157,18,Rincon,SIAB,Uninvaded,2,4,4,0
R05C,157,18,Rincon,NAGR,Uninvaded,2,8,8,0
R06C,157,32,Rincon,ASSP,Uninvaded,8,1,1,0
R06C,157,32,Rincon,ASSP,Uninvaded,6,2,2,1
R06C,157,32,Rincon,AMBI,Uninvaded,4,0,0,1
R06C,157,32,Rincon,AMBI,Uninvaded,4,1,3,1
R06C,157,32,Rincon,ASSP,Uninvaded,4,5,5,0
R06C,157,32,Rincon,ASSP,Uninvaded,4,5,5,0
R06C,157,32,Rincon,ASSP,Uninvaded,4,5,5,0
R06C,157,32,Rincon,ASSP,Uninvaded,4,5,5,0
R06C,157,32,Rincon,ASSP,Uninvaded,4,5,5,0
R06C,157,32,Rincon,ASSP,Uninvaded,4,5,5,0
R06C,157,32,Rincon,AMBI,Uninvaded,2,0,0,1
R06C,157,32,Rincon,AMBI,Uninvaded,2,0,0,1
R06C,157,32,Rincon,SECO,Uninvaded,2,7,7,0
R06C,157,32,Rincon,AMBI,Uninvaded,2,2,2,1
R06C,157,32,Rincon,AMBI,Uninvaded,2,2,2,1
R06C,157,32,Rincon,AMBI,Uninvaded,2,3,3,1
R06C,157,32,Rincon,SIAB,Uninvaded,2,5,5,1
R06C,157,32,Rincon,SECO,Uninvaded,2,7,7,0
R06C,157,32,Rincon,SECO,Uninvaded,2,6,6,1
R06C,157,32,Rincon,SECO,Uninvaded,2,6,6,1
R06C,157,32,Rincon,SECO,Uninvaded,2,7,7,0
R06C,157,32,Rincon,SIAB,Uninvaded,2,7,7,0
R06C,157,32,Rincon,SIAB,Uninvaded,2,7,7,0
R06C,157,32,Rincon,SIAB,Uninvaded,2,7,7,0
R06C,157,32,Rincon,SIAB,Uninvaded,2,7,7,0
R07C,157,47,Rincon,SIAB,Uninvaded,7,2,2,0
R07C,157,47,Rincon,SIAB,Uninvaded,5,4,4,0
R07C,157,47,Rincon,AMBI,Uninvaded,4,0,0,1
R07C,157,47,Rincon,ABIN,Uninvaded,4,0,0,0
R07C,157,47,Rincon,SIAB,Uninvaded,4,5,5,0
R07C,157,47,Rincon,SIAB,Uninvaded,2,0,0,1
R07C,157,47,Rincon,AMBI,Uninvaded,2,0,0,0
R07C,157,47,Rincon,SIAB,Uninvaded,2,0,0,0
R07C,157,47,Rincon,SIAB,Uninvaded,2,0,0,0
R07C,157,47,Rincon,SIAB,Uninvaded,2,3,3,0
R07C,157,47,Rincon,SECO,Uninvaded,2,4,4,1
R07C,157,47,Rincon,SECO,Uninvaded,2,7,7,0
R07C,157,47,Rincon,AMBI,Uninvaded,2,1,1,1
R07C,157,47,Rincon,SIAB,Uninvaded,2,1,1,1
R07C,157,47,Rincon,SIAB,Uninvaded,2,1,1,0
R07C,157,47,Rincon,SIAB,Uninvaded,2,1,1,0
R07C,157,47,Rincon,SIAB,Uninvaded,2,5,5,0
R07C,157,47,Rincon,SECO,Uninvaded,2,6,6,0
R07C,157,47,Rincon,SECO,Uninvaded,2,7,7,0
R07C,157,47,Rincon,SECO,Uninvaded,2,5,5,0
R07C,157,47,Rincon,SECO,Uninvaded,2,6,6,0
R07C,157,47,Rincon,SECO,Uninvaded,2,6,6,0
R07C,157,47,Rincon,SIAB,Uninvaded,2,6,6,0
R07C,157,47,Rincon,ABIN,Uninvaded,2,7,7,0
R07C,157,47,Rincon,SECO,Uninvaded,2,7,7,0
R07C,157,47,Rincon,SECO,Uninvaded,2,7,7,0
R07C,157,47,Rincon,SECO,Uninvaded,2,7,7,0
R07C,157,47,Rincon,SIAB,Uninvaded,2,7,7,0
R08C,157,13,Rincon,AMBI,Uninvaded,5,0,0,0
R08C,157,13,Rincon,AMBI,Uninvaded,4,0,0,1
R08C,157,13,Rincon,NOID,Uninvaded,4,0,0,0
R08C,157,13,Rincon,SECO,Uninvaded,4,5,5,0
R08C,157,13,Rincon,AMBI,Uninvaded,2,0,0,1
R08C,157,13,Rincon,SECO,Uninvaded,2,7,7,0
R08C,157,13,Rincon,AMBI,Uninvaded,2,5,5,1
R08C,157,13,Rincon,SECO,Uninvaded,2,4,4,1
R08C,157,13,Rincon,AMBI,Uninvaded,2,5,5,1
R08C,157,13,Rincon,SECO,Uninvaded,2,7,7,0
R09C,157,154,Rincon,AMBI,Uninvaded,9,0,2,1
R09C,157,154,Rincon,AMBI,Uninvaded,9,0,2,1
R09C,157,154,Rincon,AMBI,Uninvaded,9,0,2,1
R09C,157,154,Rincon,AMBI,Uninvaded,9,0,2,1
R09C,157,154,Rincon,AMBI,Uninvaded,9,0,2,1
R09C,157,154,Rincon,AMBI,Uninvaded,9,0,2,1
R09C,157,154,Rincon,AMBI,Uninvaded,9,0,2,1
R09C,157,154,Rincon,AMBI,Uninvaded,9,0,2,1
R09C,157,154,Rincon,AMBI,Uninvaded,9,0,2,1
R09C,157,154,Rincon,AMBI,Uninvaded,9,0,2,1
R09C,157,154,Rincon,AMBI,Uninvaded,9,0,2,1
R09C,157,154,Rincon,AMBI,Uninvaded,9,0,2,1
R09C,157,154,Rincon,AMBI,Uninvaded,9,0,2,1
R09C,157,154,Rincon,AMBI,Uninvaded,9,0,2,1
R09C,157,154,Rincon,AMBI,Uninvaded,9,0,2,1
R09C,157,154,Rincon,AMBI,Uninvaded,9,0,2,1
R09C,157,154,Rincon,AMBI,Uninvaded,9,0,2,1
R09C,157,154,Rincon,AMBI,Uninvaded,9,0,2,1
R09C,157,154,Rincon,AMBI,Uninvaded,9,0,2,1
R09C,157,154,Rincon,AMBI,Uninvaded,9,0,2,1
R09C,157,154,Rincon,AMBI,Uninvaded,9,0,2,1
R09C,157,154,Rincon,AMBI,Uninvaded,9,0,2,1
R09C,157,154,Rincon,AMBI,Uninvaded,9,0,2,1
R09C,157,154,Rincon,AMBI,Uninvaded,9,0,2,1
R09C,157,154,Rincon,AMBI,Uninvaded,9,0,2,1
R09C,157,154,Rincon,AMBI,Uninvaded,9,0,2,1
R09C,157,154,Rincon,AMBI,Uninvaded,9,0,2,1
R09C,157,154,Rincon,AMBI,Uninvaded,9,0,2,1
R09C,157,154,Rincon,AMBI,Uninvaded,9,0,2,1
R09C,157,154,Rincon,AMBI,Uninvaded,9,0,2,1
R09C,157,154,Rincon,AMBI,Uninvaded,9,0,2,1
R09C,157,154,Rincon,AMBI,Uninvaded,9,0,2,1
R09C,157,154,Rincon,AMBI,Uninvaded,9,0,2,1
R09C,157,154,Rincon,AMBI,Uninvaded,9,0,2,1
R09C,157,154,Rincon,AMBI,Uninvaded,9,0,2,1
R09C,157,154,Rincon,AMBI,Uninvaded,9,0,2,1
R09C,157,154,Rincon,AMBI,Uninvaded,9,0,2,1
R09C,157,154,Rincon,AMBI,Uninvaded,9,0,2,1
R09C,157,154,Rincon,AMBI,Uninvaded,9,0,2,1
R09C,157,154,Rincon,AMBI,Uninvaded,9,0,2,1
R09C,157,154,Rincon,AMBI,Uninvaded,9,0,2,1
R09C,157,154,Rincon,AMBI,Uninvaded,9,0,2,1
R09C,157,154,Rincon,AMBI,Uninvaded,9,0,2,1
R09C,157,154,Rincon,AMBI,Uninvaded,9,0,2,1
R09C,157,154,Rincon,AMBI,Uninvaded,9,0,2,1
R09C,157,154,Rincon,AMBI,Uninvaded,9,0,2,1
R09C,157,154,Rincon,AMBI,Uninvaded,9,0,2,1
R09C,157,154,Rincon,AMBI,Uninvaded,9,0,2,1
R09C,157,154,Rincon,AMBI,Uninvaded,9,0,2,1
R09C,157,154,Rincon,AMBI,Uninvaded,9,0,2,1
R09C,157,154,Rincon,AMBI,Uninvaded,9,0,2,1
R09C,157,154,Rincon,AMBI,Uninvaded,9,0,2,1
R09C,157,154,Rincon,AMBI,Uninvaded,9,0,2,1
R09C,157,154,Rincon,AMBI,Uninvaded,9,0,2,1
R09C,157,154,Rincon,AMBI,Uninvaded,9,0,2,1
R09C,157,154,Rincon,AMBI,Uninvaded,9,0,0,0
R09C,157,154,Rincon,AMBI,Uninvaded,9,0,0,0
R09C,157,154,Rincon,AMBI,Uninvaded,9,0,0,0
R09C,157,154,Rincon,AMBI,Uninvaded,9,0,0,0
R09C,157,154,Rincon,AMBI,Uninvaded,9,0,0,0
R09C,157,154,Rincon,AMBI,Uninvaded,9,0,0,0
R09C,157,154,Rincon,AMBI,Uninvaded,9,0,0,0
R09C,157,154,Rincon,AMBI,Uninvaded,9,3,3,0
R09C,157,154,Rincon,AMBI,Uninvaded,9,3,3,0
R09C,157,154,Rincon,SECO,Uninvaded,9,3,3,0
R09C,157,154,Rincon,SECO,Uninvaded,7,5,2,0
R09C,157,154,Rincon,SECO,Uninvaded,7,5,2,0
R09C,157,154,Rincon,AMBI,Uninvaded,6,6,6,0
R09C,157,154,Rincon,SECO,Uninvaded,5,0,0,1
R09C,157,154,Rincon,ASSP,Uninvaded,5,0,0,0
R09C,157,154,Rincon,SECO,Uninvaded,5,1,1,1
R09C,157,154,Rincon,SECO,Uninvaded,5,7,7,0
R09C,157,154,Rincon,AMBI,Uninvaded,4,0,0,1
R09C,157,154,Rincon,AMBI,Uninvaded,4,0,0,1
R09C,157,154,Rincon,AMBI,Uninvaded,4,1,1,1
R09C,157,154,Rincon,AMBI,Uninvaded,4,1,1,1
R09C,157,154,Rincon,AMBI,Uninvaded,4,1,1,1
R09C,157,154,Rincon,AMBI,Uninvaded,4,1,1,1
R09C,157,154,Rincon,AMBI,Uninvaded,4,1,1,1
R09C,157,154,Rincon,AMBI,Uninvaded,4,1,1,1
R09C,157,154,Rincon,SECO,Uninvaded,4,1,1,1
R09C,157,154,Rincon,SECO,Uninvaded,4,1,1,1
R09C,157,154,Rincon,SECO,Uninvaded,4,1,1,1
R09C,157,154,Rincon,SECO,Uninvaded,4,1,1,1
R09C,157,154,Rincon,SECO,Uninvaded,4,1,1,1
R09C,157,154,Rincon,AMBI,Uninvaded,4,2,2,1
R09C,157,154,Rincon,SECO,Uninvaded,4,2,2,0
R09C,157,154,Rincon,AMBI,Uninvaded,3,0,0,1
R09C,157,154,Rincon,SECO,Uninvaded,3,6,6,0
R09C,157,154,Rincon,AMBI,Uninvaded,2,0,0,1
R09C,157,154,Rincon,AMBI,Uninvaded,2,0,0,1
R09C,157,154,Rincon,AMBI,Uninvaded,2,0,0,1
R09C,157,154,Rincon,AMBI,Uninvaded,2,0,0,1
R09C,157,154,Rincon,AMBI,Uninvaded,2,0,0,1
R09C,157,154,Rincon,AMBI,Uninvaded,2,0,0,1
R09C,157,154,Rincon,SECO,Uninvaded,2,0,0,1
R09C,157,154,Rincon,SIAB,Uninvaded,2,0,0,1
R09C,157,154,Rincon,AMBI,Uninvaded,2,0,1,1
R09C,157,154,Rincon,AMBI,Uninvaded,2,0,1,1
R09C,157,154,Rincon,AMBI,Uninvaded,2,0,1,1
R09C,157,154,Rincon,AMBI,Uninvaded,2,0,2,1
R09C,157,154,Rincon,SECO,Uninvaded,2,0,2,1
R09C,157,154,Rincon,AMBI,Uninvaded,2,0,3,1
R09C,157,154,Rincon,AMBI,Uninvaded,2,0,0,0
R09C,157,154,Rincon,SECO,Uninvaded,2,4,4,0
R09C,157,154,Rincon,SECO,Uninvaded,2,3,3,1
R09C,157,154,Rincon,SECO,Uninvaded,2,5,5,1
R09C,157,154,Rincon,SECO,Uninvaded,2,2,2,1
R09C,157,154,Rincon,NAGR,Uninvaded,2,2,2,0
R09C,157,154,Rincon,SECO,Uninvaded,2,2,2,0
R09C,157,154,Rincon,SECO,Uninvaded,2,2,2,0
R09C,157,154,Rincon,NAGR,Uninvaded,2,3,3,1
R09C,157,154,Rincon,SECO,Uninvaded,2,3,3,1
R09C,157,154,Rincon,SECO,Uninvaded,2,3,3,1
R09C,157,154,Rincon,SECO,Uninvaded,2,3,3,1
R09C,157,154,Rincon,ASSP,Uninvaded,2,3,4,1
R09C,157,154,Rincon,SIAB,Uninvaded,2,10,10,0
R09C,157,154,Rincon,SECO,Uninvaded,2,7,7,0
R09C,157,154,Rincon,SECO,Uninvaded,2,10,10,0
R09C,157,154,Rincon,SECO,Uninvaded,2,10,10,0
R09C,157,154,Rincon,AMBI,Uninvaded,2,1,1,1
R09C,157,154,Rincon,AMBI,Uninvaded,2,1,1,1
R09C,157,154,Rincon,AMBI,Uninvaded,2,1,1,1
R09C,157,154,Rincon,AMBI,Uninvaded,2,1,1,1
R09C,157,154,Rincon,AMBI,Uninvaded,2,1,1,1
R09C,157,154,Rincon,AMBI,Uninvaded,2,1,1,1
R09C,157,154,Rincon,AMBI,Uninvaded,2,1,1,1
R09C,157,154,Rincon,AMBI,Uninvaded,2,1,1,1
R09C,157,154,Rincon,SECO,Uninvaded,2,1,1,1
R09C,157,154,Rincon,AMBI,Uninvaded,2,1,9,1
R09C,157,154,Rincon,AMBI,Uninvaded,2,10,10,0
R09C,157,154,Rincon,AMBI,Uninvaded,2,2,2,0
R09C,157,154,Rincon,AMBI,Uninvaded,2,2,2,0
R09C,157,154,Rincon,SECO,Uninvaded,2,3,3,1
R09C,157,154,Rincon,SECO,Uninvaded,2,3,3,1
R09C,157,154,Rincon,SECO,Uninvaded,2,3,3,1
R09C,157,154,Rincon,SECO,Uninvaded,2,3,3,1
R09C,157,154,Rincon,SECO,Uninvaded,2,3,3,1
R09C,157,154,Rincon,SECO,Uninvaded,2,3,3,0
R09C,157,154,Rincon,SECO,Uninvaded,2,6,6,0
R09C,157,154,Rincon,SECO,Uninvaded,2,10,10,0
R09C,157,154,Rincon,SECO,Uninvaded,2,4,4,1
R09C,157,154,Rincon,SECO,Uninvaded,2,4,5,1
R09C,157,154,Rincon,SECO,Uninvaded,2,5,5,0
R09C,157,154,Rincon,SECO,Uninvaded,2,7,7,0
R09C,157,154,Rincon,AMBI,Uninvaded,2,7,9,1
R09C,157,154,Rincon,SECO,Uninvaded,2,7,9,1
R09C,157,154,Rincon,SECO,Uninvaded,2,7,7,0
R09C,157,154,Rincon,SECO,Uninvaded,2,7,7,0
R09C,157,154,Rincon,SECO,Uninvaded,2,7,7,0
R09C,157,154,Rincon,SIAB,Uninvaded,2,7,7,0
R09C,157,154,Rincon,ABIN,Uninvaded,2,10,10,0
R09C,157,154,Rincon,AMBI,Uninvaded,2,10,10,0
R09C,157,154,Rincon,SECO,Uninvaded,2,10,10,0
R10C,157,24,Rincon,AMBI,Uninvaded,2,0,0,1
R10C,157,24,Rincon,AMBI,Uninvaded,2,0,0,1
R10C,157,24,Rincon,AMBI,Uninvaded,2,0,1,1
R10C,157,24,Rincon,SECO,Uninvaded,2,7,7,0
R10C,157,24,Rincon,ABIN,Uninvaded,2,1,2,1
R10C,157,24,Rincon,AMBI,Uninvaded,2,2,2,1
R10C,157,24,Rincon,AMBI,Uninvaded,2,2,4,1
R10C,157,24,Rincon,AMBI,Uninvaded,2,7,7,0
R10C,157,24,Rincon,SECO,Uninvaded,2,4,4,1
R10C,157,24,Rincon,SECO,Uninvaded,2,4,4,1
R10C,157,24,Rincon,SECO,Uninvaded,2,7,7,0
R10C,157,24,Rincon,SECO,Uninvaded,2,7,7,0
R10C,157,24,Rincon,SIAB,Uninvaded,2,3,3,1
R10C,157,24,Rincon,AMBI,Uninvaded,2,3,4,1
R10C,157,24,Rincon,SIAB,Uninvaded,2,4,6,1
R10C,157,24,Rincon,ABIN,Uninvaded,2,7,7,0
R11C,157,219,Rincon,AMBI,Uninvaded,9,0,1,1
R11C,157,219,Rincon,AMBI,Uninvaded,9,0,1,1
R11C,157,219,Rincon,AMBI,Uninvaded,9,0,1,1
R11C,157,219,Rincon,AMBI,Uninvaded,9,0,1,1
R11C,157,219,Rincon,AMBI,Uninvaded,9,0,1,1
R11C,157,219,Rincon,AMBI,Uninvaded,9,0,1,1
R11C,157,219,Rincon,AMBI,Uninvaded,9,0,1,1
R11C,157,219,Rincon,AMBI,Uninvaded,9,0,1,1
R11C,157,219,Rincon,AMBI,Uninvaded,9,0,1,1
R11C,157,219,Rincon,AMBI,Uninvaded,9,0,1,1
R11C,157,219,Rincon,AMBI,Uninvaded,9,0,1,1
R11C,157,219,Rincon,AMBI,Uninvaded,9,0,1,1
R11C,157,219,Rincon,AMBI,Uninvaded,9,0,1,1
R11C,157,219,Rincon,AMBI,Uninvaded,9,0,1,1
R11C,157,219,Rincon,AMBI,Uninvaded,9,0,1,1
R11C,157,219,Rincon,AMBI,Uninvaded,9,0,1,1
R11C,157,219,Rincon,AMBI,Uninvaded,9,0,1,1
R11C,157,219,Rincon,AMBI,Uninvaded,9,0,1,1
R11C,157,219,Rincon,AMBI,Uninvaded,9,0,1,1
R11C,157,219,Rincon,AMBI,Uninvaded,9,0,1,1
R11C,157,219,Rincon,AMBI,Uninvaded,9,0,1,1
R11C,157,219,Rincon,AMBI,Uninvaded,9,0,1,1
R11C,157,219,Rincon,AMBI,Uninvaded,9,0,1,1
R11C,157,219,Rincon,AMBI,Uninvaded,9,0,1,1
R11C,157,219,Rincon,AMBI,Uninvaded,9,0,1,1
R11C,157,219,Rincon,AMBI,Uninvaded,9,0,1,1
R11C,157,219,Rincon,AMBI,Uninvaded,9,0,1,1
R11C,157,219,Rincon,SECO,Uninvaded,9,0,1,1
R11C,157,219,Rincon,SECO,Uninvaded,9,0,1,1
R11C,157,219,Rincon,SECO,Uninvaded,9,0,1,1
R11C,157,219,Rincon,SECO,Uninvaded,9,0,1,1
R11C,157,219,Rincon,SECO,Uninvaded,9,0,1,1
R11C,157,219,Rincon,ABIN,Uninvaded,9,0,0,0
R11C,157,219,Rincon,ABIN,Uninvaded,9,0,0,0
R11C,157,219,Rincon,ABIN,Uninvaded,9,0,0,0
R11C,157,219,Rincon,ABIN,Uninvaded,9,0,0,0
R11C,157,219,Rincon,ABIN,Uninvaded,9,0,0,0
R11C,157,219,Rincon,AMBI,Uninvaded,9,0,0,0
R11C,157,219,Rincon,AMBI,Uninvaded,9,0,0,0
R11C,157,219,Rincon,AMBI,Uninvaded,9,0,0,0
R11C,157,219,Rincon,ASSP,Uninvaded,9,0,0,0
R11C,157,219,Rincon,ASSP,Uninvaded,9,0,0,0
R11C,157,219,Rincon,SECO,Uninvaded,9,0,0,0
R11C,157,219,Rincon,SECO,Uninvaded,9,0,0,0
R11C,157,219,Rincon,SECO,Uninvaded,9,0,0,0
R11C,157,219,Rincon,ABIN,Uninvaded,9,2,2,0
R11C,157,219,Rincon,AMBI,Uninvaded,9,2,2,0
R11C,157,219,Rincon,AMBI,Uninvaded,9,2,2,0
R11C,157,219,Rincon,AMBI,Uninvaded,9,2,2,0
R11C,157,219,Rincon,SECO,Uninvaded,9,2,2,0
R11C,157,219,Rincon,SECO,Uninvaded,9,2,2,0
R11C,157,219,Rincon,SECO,Uninvaded,9,2,2,0
R11C,157,219,Rincon,SECO,Uninvaded,9,2,2,0
R11C,157,219,Rincon,SECO,Uninvaded,9,2,2,0
R11C,157,219,Rincon,SECO,Uninvaded,9,2,2,0
R11C,157,219,Rincon,SECO,Uninvaded,9,2,2,0
R11C,157,219,Rincon,SECO,Uninvaded,9,2,2,0
R11C,157,219,Rincon,SECO,Uninvaded,9,2,2,0
R11C,157,219,Rincon,SECO,Uninvaded,9,2,2,0
R11C,157,219,Rincon,SECO,Uninvaded,9,2,2,0
R11C,157,219,Rincon,SECO,Uninvaded,9,2,2,0
R11C,157,219,Rincon,SECO,Uninvaded,9,2,2,0
R11C,157,219,Rincon,SECO,Uninvaded,8,0,0,0
R11C,157,219,Rincon,SECO,Uninvaded,6,0,0,0
R11C,157,219,Rincon,SECO,Uninvaded,6,3,4,1
R11C,157,219,Rincon,SECO,Uninvaded,6,3,3,0
R11C,157,219,Rincon,SECO,Uninvaded,6,5,5,0
R11C,157,219,Rincon,AMBI,Uninvaded,5,0,0,0
R11C,157,219,Rincon,SECO,Uninvaded,5,0,0,0
R11C,157,219,Rincon,SECO,Uninvaded,5,0,0,0
R11C,157,219,Rincon,SECO,Uninvaded,5,0,0,0
R11C,157,219,Rincon,SECO,Uninvaded,5,0,0,0
R11C,157,219,Rincon,SECO,Uninvaded,5,3,3,1
R11C,157,219,Rincon,SECO,Uninvaded,5,4,4,0
R11C,157,219,Rincon,AMBI,Uninvaded,4,0,0,1
R11C,157,219,Rincon,AMBI,Uninvaded,4,0,0,1
R11C,157,219,Rincon,AMBI,Uninvaded,4,0,0,1
R11C,157,219,Rincon,AMBI,Uninvaded,4,0,0,1
R11C,157,219,Rincon,AMBI,Uninvaded,4,0,0,1
R11C,157,219,Rincon,AMBI,Uninvaded,4,1,1,1
R11C,157,219,Rincon,AMBI,Uninvaded,4,1,1,1
R11C,157,219,Rincon,SECO,Uninvaded,4,1,1,1
R11C,157,219,Rincon,SIAB,Uninvaded,4,7,7,0
R11C,157,219,Rincon,SECO,Uninvaded,3,0,0,1
R11C,157,219,Rincon,SIAB,Uninvaded,3,0,0,1
R11C,157,219,Rincon,SIAB,Uninvaded,3,1,1,1
R11C,157,219,Rincon,SECO,Uninvaded,3,6,6,0
R11C,157,219,Rincon,SECO,Uninvaded,3,2,2,0
R11C,157,219,Rincon,AMBI,Uninvaded,2,0,0,1
R11C,157,219,Rincon,AMBI,Uninvaded,2,0,0,1
R11C,157,219,Rincon,AMBI,Uninvaded,2,0,0,1
R11C,157,219,Rincon,AMBI,Uninvaded,2,0,0,1
R11C,157,219,Rincon,AMBI,Uninvaded,2,0,0,1
R11C,157,219,Rincon,AMBI,Uninvaded,2,0,0,1
R11C,157,219,Rincon,AMBI,Uninvaded,2,0,0,1
R11C,157,219,Rincon,AMBI,Uninvaded,2,0,0,1
R11C,157,219,Rincon,AMBI,Uninvaded,2,0,0,1
R11C,157,219,Rincon,AMBI,Uninvaded,2,0,0,1
R11C,157,219,Rincon,AMBI,Uninvaded,2,0,0,1
R11C,157,219,Rincon,SECO,Uninvaded,2,0,0,1
R11C,157,219,Rincon,AMBI,Uninvaded,2,0,0,1
R11C,157,219,Rincon,AMBI,Uninvaded,2,0,0,1
R11C,157,219,Rincon,AMBI,Uninvaded,2,0,8,1
R11C,157,219,Rincon,AMBI,Uninvaded,2,0,0,0
R11C,157,219,Rincon,AMBI,Uninvaded,2,0,0,0
R11C,157,219,Rincon,AMBI,Uninvaded,2,0,0,0
R11C,157,219,Rincon,AMBI,Uninvaded,2,0,0,0
R11C,157,219,Rincon,AMBI,Uninvaded,2,0,0,0
R11C,157,219,Rincon,AMBI,Uninvaded,2,0,0,0
R11C,157,219,Rincon,AMBI,Uninvaded,2,0,0,0
R11C,157,219,Rincon,AMBI,Uninvaded,2,0,0,0
R11C,157,219,Rincon,AMBI,Uninvaded,2,0,0,0
R11C,157,219,Rincon,AMBI,Uninvaded,2,0,0,0
R11C,157,219,Rincon,AMBI,Uninvaded,2,0,0,0
R11C,157,219,Rincon,AMBI,Uninvaded,2,0,0,0
R11C,157,219,Rincon,AMBI,Uninvaded,2,0,0,0
R11C,157,219,Rincon,AMBI,Uninvaded,2,0,0,0
R11C,157,219,Rincon,AMBI,Uninvaded,2,0,0,0
R11C,157,219,Rincon,AMBI,Uninvaded,2,0,0,0
R11C,157,219,Rincon,ASSP,Uninvaded,2,0,0,0
R11C,157,219,Rincon,SECO,Uninvaded,2,4,4,0
R11C,157,219,Rincon,SECO,Uninvaded,2,3,3,0
R11C,157,219,Rincon,AMBI,Uninvaded,2,2,2,1
R11C,157,219,Rincon,AMBI,Uninvaded,2,2,2,1
R11C,157,219,Rincon,SIAB,Uninvaded,2,2,2,1
R11C,157,219,Rincon,SIAB,Uninvaded,2,2,2,1
R11C,157,219,Rincon,AMBI,Uninvaded,2,2,2,0
R11C,157,219,Rincon,ASSP,Uninvaded,2,9,9,0
R11C,157,219,Rincon,SECO,Uninvaded,2,9,9,0
R11C,157,219,Rincon,SECO,Uninvaded,2,9,9,0
R11C,157,219,Rincon,SECO,Uninvaded,2,3,3,1
R11C,157,219,Rincon,SECO,Uninvaded,2,3,3,0
R11C,157,219,Rincon,SECO,Uninvaded,2,9,9,0
R11C,157,219,Rincon,SECO,Uninvaded,2,5,5,0
R11C,157,219,Rincon,SIAB,Uninvaded,2,9,9,0
R11C,157,219,Rincon,SIAB,Uninvaded,2,7,7,0
R11C,157,219,Rincon,SECO,Uninvaded,2,9,9,0
R11C,157,219,Rincon,SECO,Uninvaded,2,9,9,0
R11C,157,219,Rincon,SECO,Uninvaded,2,9,9,0
R11C,157,219,Rincon,AMBI,Uninvaded,2,1,1,1
R11C,157,219,Rincon,AMBI,Uninvaded,2,1,1,1
R11C,157,219,Rincon,AMBI,Uninvaded,2,1,1,1
R11C,157,219,Rincon,AMBI,Uninvaded,2,1,1,1
R11C,157,219,Rincon,AMBI,Uninvaded,2,1,1,1
R11C,157,219,Rincon,AMBI,Uninvaded,2,1,1,1
R11C,157,219,Rincon,AMBI,Uninvaded,2,1,1,1
R11C,157,219,Rincon,AMBI,Uninvaded,2,1,1,1
R11C,157,219,Rincon,AMBI,Uninvaded,2,1,1,1
R11C,157,219,Rincon,SECO,Uninvaded,2,1,1,1
R11C,157,219,Rincon,AMBI,Uninvaded,2,1,2,1
R11C,157,219,Rincon,AMBI,Uninvaded,2,1,1,0
R11C,157,219,Rincon,AMBI,Uninvaded,2,1,1,0
R11C,157,219,Rincon,AMBI,Uninvaded,2,1,1,0
R11C,157,219,Rincon,AMBI,Uninvaded,2,1,1,0
R11C,157,219,Rincon,AMBI,Uninvaded,2,5,5,0
R11C,157,219,Rincon,SECO,Uninvaded,2,9,9,0
R11C,157,219,Rincon,SECO,Uninvaded,2,7,7,0
R11C,157,219,Rincon,SECO,Uninvaded,2,3,3,1
R11C,157,219,Rincon,AMBI,Uninvaded,2,3,8,1
R11C,157,219,Rincon,AMBI,Uninvaded,2,3,3,0
R11C,157,219,Rincon,SECO,Uninvaded,2,9,9,0
R11C,157,219,Rincon,AMBI,Uninvaded,2,2,2,1
R11C,157,219,Rincon,AMBI,Uninvaded,2,2,2,1
R11C,157,219,Rincon,AMBI,Uninvaded,2,2,2,1
R11C,157,219,Rincon,AMBI,Uninvaded,2,2,2,1
R11C,157,219,Rincon,AMBI,Uninvaded,2,2,3,1
R11C,157,219,Rincon,AMBI,Uninvaded,2,2,6,1
R11C,157,219,Rincon,AMBI,Uninvaded,2,2,2,0
R11C,157,219,Rincon,AMBI,Uninvaded,2,2,2,0
R11C,157,219,Rincon,ASSP,Uninvaded,2,2,2,0
R11C,157,219,Rincon,SECO,Uninvaded,2,2,2,0
R11C,157,219,Rincon,SECO,Uninvaded,2,9,9,0
R11C,157,219,Rincon,SECO,Uninvaded,2,7,8,1
R11C,157,219,Rincon,SECO,Uninvaded,2,6,8,1
R11C,157,219,Rincon,SECO,Uninvaded,2,6,6,0
R11C,157,219,Rincon,SECO,Uninvaded,2,9,9,0
R11C,157,219,Rincon,SECO,Uninvaded,2,9,9,0
R11C,157,219,Rincon,SECO,Uninvaded,2,9,9,0
R11C,157,219,Rincon,SECO,Uninvaded,2,9,9,0
R11C,157,219,Rincon,SECO,Uninvaded,2,3,3,1
R11C,157,219,Rincon,SECO,Uninvaded,2,3,3,1
R11C,157,219,Rincon,SECO,Uninvaded,2,3,3,1
R11C,157,219,Rincon,SECO,Uninvaded,2,3,3,1
R11C,157,219,Rincon,SECO,Uninvaded,2,3,3,1
R11C,157,219,Rincon,SECO,Uninvaded,2,3,3,1
R11C,157,219,Rincon,AMBI,Uninvaded,2,3,6,1
R11C,157,219,Rincon,SECO,Uninvaded,2,3,6,1
R11C,157,219,Rincon,AMBI,Uninvaded,2,3,3,0
R11C,157,219,Rincon,AMBI,Uninvaded,2,3,3,0
R11C,157,219,Rincon,SECO,Uninvaded,2,5,5,0
R11C,157,219,Rincon,SECO,Uninvaded,2,5,5,0
R11C,157,219,Rincon,SECO,Uninvaded,2,7,8,1
R11C,157,219,Rincon,SECO,Uninvaded,2,9,9,0
R11C,157,219,Rincon,SECO,Uninvaded,2,6,8,1
R11C,157,219,Rincon,SECO,Uninvaded,2,6,8,1
R11C,157,219,Rincon,SECO,Uninvaded,2,9,9,0
R11C,157,219,Rincon,SECO,Uninvaded,2,7,8,1
R11C,157,219,Rincon,SECO,Uninvaded,2,7,8,1
R11C,157,219,Rincon,SECO,Uninvaded,2,7,7,0
R11C,157,219,Rincon,SECO,Uninvaded,2,7,7,0
R11C,157,219,Rincon,SECO,Uninvaded,2,7,7,0
R11C,157,219,Rincon,SECO,Uninvaded,2,7,7,0
R11C,157,219,Rincon,SECO,Uninvaded,2,9,9,0
R11C,157,219,Rincon,SECO,Uninvaded,2,9,9,0
R11C,157,219,Rincon,SECO,Uninvaded,2,9,9,0
R11C,157,219,Rincon,SECO,Uninvaded,2,9,9,0
R11C,157,219,Rincon,SECO,Uninvaded,2,9,9,0
R11C,157,219,Rincon,AMBI,Uninvaded,1,1,1,1
R11C,157,219,Rincon,SIAB,Uninvaded,1,1,1,1
R11C,157,219,Rincon,AMBI,Uninvaded,1,1,1,0
R11C,157,219,Rincon,AMBI,Uninvaded,1,4,4,0
R11C,157,219,Rincon,SECO,Uninvaded,1,10,10,0
R11C,157,219,Rincon,AMBI,Uninvaded,1,2,2,1
R11C,157,219,Rincon,AMBI,Uninvaded,1,2,5,1
R11C,157,219,Rincon,SIAB,Uninvaded,1,2,2,0
R11C,157,219,Rincon,SECO,Uninvaded,1,3,3,0
R11C,157,219,Rincon,SECO,Uninvaded,1,10,10,1
R11C,157,219,Rincon,SIAB,Uninvaded,1,5,6,1
R11C,157,219,Rincon,SECO,Uninvaded,1,10,10,0
R12C,157,84,Rincon,NAGR,Uninvaded,6,2,2,0
R12C,157,84,Rincon,ASSP,Uninvaded,6,3,3,0
R12C,157,84,Rincon,ASSP,Uninvaded,6,3,3,0
R12C,157,84,Rincon,NAGR,Uninvaded,6,2,2,1
R12C,157,84,Rincon,NAGR,Uninvaded,6,3,3,0
R12C,157,84,Rincon,NAGR,Uninvaded,2,0,0,1
R12C,157,84,Rincon,NAGR,Uninvaded,2,0,0,1
R12C,157,84,Rincon,NAGR,Uninvaded,2,0,0,1
R12C,157,84,Rincon,NAGR,Uninvaded,2,0,0,1
R12C,157,84,Rincon,NAGR,Uninvaded,2,0,0,1
R12C,157,84,Rincon,NAGR,Uninvaded,2,0,0,1
R12C,157,84,Rincon,NAGR,Uninvaded,2,0,0,1
R12C,157,84,Rincon,NAGR,Uninvaded,2,0,0,1
R12C,157,84,Rincon,NAGR,Uninvaded,2,0,0,1
R12C,157,84,Rincon,NAGR,Uninvaded,2,0,0,1
R12C,157,84,Rincon,NAGR,Uninvaded,2,0,0,1
R12C,157,84,Rincon,NAGR,Uninvaded,2,0,0,1
R12C,157,84,Rincon,NAGR,Uninvaded,2,0,0,1
R12C,157,84,Rincon,NAGR,Uninvaded,2,0,0,1
R12C,157,84,Rincon,NAGR,Uninvaded,2,0,0,1
R12C,157,84,Rincon,NAGR,Uninvaded,2,0,0,1
R12C,157,84,Rincon,NAGR,Uninvaded,2,0,0,1
R12C,157,84,Rincon,NAGR,Uninvaded,2,0,0,1
R12C,157,84,Rincon,NAGR,Uninvaded,2,0,0,1
R12C,157,84,Rincon,NAGR,Uninvaded,2,0,0,1
R12C,157,84,Rincon,NAGR,Uninvaded,2,0,0,1
R12C,157,84,Rincon,NAGR,Uninvaded,2,0,0,1
R12C,157,84,Rincon,NAGR,Uninvaded,2,0,0,1
R12C,157,84,Rincon,NAGR,Uninvaded,2,0,0,1
R12C,157,84,Rincon,NAGR,Uninvaded,2,0,0,1
R12C,157,84,Rincon,NAGR,Uninvaded,2,0,0,1
R12C,157,84,Rincon,NAGR,Uninvaded,2,0,0,1
R12C,157,84,Rincon,NAGR,Uninvaded,2,0,0,1
R12C,157,84,Rincon,NAGR,Uninvaded,2,0,0,1
R12C,157,84,Rincon,NAGR,Uninvaded,2,0,0,1
R12C,157,84,Rincon,NAGR,Uninvaded,2,0,0,1
R12C,157,84,Rincon,NAGR,Uninvaded,2,0,0,1
R12C,157,84,Rincon,NAGR,Uninvaded,2,0,1,1
R12C,157,84,Rincon,NAGR,Uninvaded,2,0,2,1
R12C,157,84,Rincon,NAGR,Uninvaded,2,0,3,1
R12C,157,84,Rincon,NAGR,Uninvaded,2,0,4,1
R12C,157,84,Rincon,NAGR,Uninvaded,2,0,0,0
R12C,157,84,Rincon,OVAL,Uninvaded,2,0,0,0
R12C,157,84,Rincon,NAGR,Uninvaded,2,4,5,1
R12C,157,84,Rincon,NAGR,Uninvaded,2,1,1,1
R12C,157,84,Rincon,NAGR,Uninvaded,2,1,1,1
R12C,157,84,Rincon,NAGR,Uninvaded,2,1,1,1
R12C,157,84,Rincon,NAGR,Uninvaded,2,1,1,1
R12C,157,84,Rincon,NAGR,Uninvaded,2,1,1,1
R12C,157,84,Rincon,NAGR,Uninvaded,2,1,1,1
R12C,157,84,Rincon,NAGR,Uninvaded,2,1,1,1
R12C,157,84,Rincon,NAGR,Uninvaded,2,1,1,1
R12C,157,84,Rincon,NAGR,Uninvaded,2,1,1,1
R12C,157,84,Rincon,NAGR,Uninvaded,2,1,2,1
R12C,157,84,Rincon,NAGR,Uninvaded,2,1,3,1
R12C,157,84,Rincon,NAGR,Uninvaded,2,1,3,1
R12C,157,84,Rincon,NAGR,Uninvaded,2,1,3,1
R12C,157,84,Rincon,NAGR,Uninvaded,2,1,1,0
R12C,157,84,Rincon,OVAL,Uninvaded,2,7,7,0
R12C,157,84,Rincon,NAGR,Uninvaded,2,6,6,0
R12C,157,84,Rincon,NAGR,Uninvaded,2,4,4,0
R12C,157,84,Rincon,NAGR,Uninvaded,2,4,4,0
R12C,157,84,Rincon,NAGR,Uninvaded,2,7,7,0
R12C,157,84,Rincon,NAGR,Uninvaded,2,6,6,1
R12C,157,84,Rincon,NAGR,Uninvaded,2,3,3,1
R12C,157,84,Rincon,NAGR,Uninvaded,2,3,3,1
R12C,157,84,Rincon,NAGR,Uninvaded,2,4,4,1
R12C,157,84,Rincon,NAGR,Uninvaded,2,5,6,1
R12C,157,84,Rincon,NAGR,Uninvaded,2,7,7,0
R12C,157,84,Rincon,NAGR,Uninvaded,2,7,7,0
R12C,157,84,Rincon,ASSP,Uninvaded,2,6,6,0
R13C,157,17,Rincon,ASSP,Uninvaded,9,0,0,0
R13C,157,17,Rincon,ASSP,Uninvaded,5,3,3,0
R13C,157,17,Rincon,ASSP,Uninvaded,5,4,4,0
R13C,157,17,Rincon,ASSP,Uninvaded,5,4,4,0
R13C,157,17,Rincon,ASSP,Uninvaded,4,0,0,1
R13C,157,17,Rincon,ASSP,Uninvaded,4,5,5,0
R13C,157,17,Rincon,ASSP,Uninvaded,4,5,5,0
R13C,157,17,Rincon,ASSP,Uninvaded,3,0,0,1
R13C,157,17,Rincon,ASSP,Uninvaded,3,6,6,0
R13C,157,17,Rincon,ASSP,Uninvaded,3,5,5,0
R13C,157,17,Rincon,ASSP,Uninvaded,3,5,5,0
R13C,157,17,Rincon,ASSP,Uninvaded,3,6,6,0
R13C,157,17,Rincon,ABIN,Uninvaded,2,1,3,1
R13C,157,17,Rincon,ABIN,Uninvaded,2,1,4,1
R13C,157,17,Rincon,ASSP,Uninvaded,2,1,6,1
R13C,157,17,Rincon,SIAB,Uninvaded,2,2,2,0
R13C,157,17,Rincon,SIAB,Uninvaded,2,7,7,0
R14C,157,4,Rincon,AMBI,Uninvaded,4,1,1,0
R14C,157,4,Rincon,SIAB,Uninvaded,2,5,5,0
P01C,82,5,Tucson,LONO,Uninvaded,6,1,1,1
P01C,82,5,Tucson,TOID,Uninvaded,5,4,4,0
P01C,82,5,Tucson,ABIN,Uninvaded,4,0,0,1
P01C,82,5,Tucson,PAMI,Uninvaded,4,0,0,1
P01C,82,5,Tucson,PAMI,Uninvaded,3,6,6,0
P02C,82,4,Tucson,ABIN,Uninvaded,4,3,3,1
P02C,82,4,Tucson,ABIN,Uninvaded,4,3,3,1
P02C,82,4,Tucson,AMBI,Uninvaded,4,3,3,0
P02C,82,4,Tucson,PAMI,Uninvaded,4,5,5,0
P05C,82,6,Tucson,AMBI,Uninvaded,8,0,0,1
P05C,82,6,Tucson,OPSP,Uninvaded,8,1,1,0
P05C,82,6,Tucson,OPSP,Uninvaded,7,2,2,0
P05C,82,6,Tucson,ABIN,Uninvaded,4,0,3,1
P05C,82,6,Tucson,ABIN,Uninvaded,4,2,2,1
P05C,82,6,Tucson,ABIN,Uninvaded,4,3,3,1
P06C,82,2,Tucson,LONO,Uninvaded,6,1,1,1
P06C,82,2,Tucson,ABIN,Uninvaded,4,5,5,0
P07C,82,1,Tucson,AMBI,Uninvaded,4,2,2,1
P08C,82,9,Tucson,ASSP,Uninvaded,6,1,1,0
P08C,82,9,Tucson,AMBI,Uninvaded,4,0,3,1
P08C,82,9,Tucson,ASSP,Uninvaded,4,5,5,0
P08C,82,9,Tucson,ASSP,Uninvaded,4,5,5,0
P08C,82,9,Tucson,ASSP,Uninvaded,4,5,5,0
P08C,82,9,Tucson,ASSP,Uninvaded,4,4,4,0
P08C,82,9,Tucson,ASSP,Uninvaded,4,5,5,0
P08C,82,9,Tucson,ASSP,Uninvaded,3,6,6,0
P08C,82,9,Tucson,ASSP,Uninvaded,3,6,6,0
P09C,82,2,Tucson,MAPA,Uninvaded,4,1,1,1
P09C,82,2,Tucson,AMBI,Uninvaded,4,3,3,1
P10C,82,1,Tucson,ABIN,Uninvaded,4,5,5,0
P11C,82,2,Tucson,MAPA,Uninvaded,4,0,0,1
P11C,82,2,Tucson,MAPA,Uninvaded,4,2,2,1
P12C,82,1,Tucson,LONO,Uninvaded,4,3,3,1
P14C,82,2,Tucson,MAPA,Uninvaded,4,3,3,0
P14C,82,2,Tucson,LONO,Uninvaded,4,3,3,1
P15C,82,6,Tucson,AMBI,Uninvaded,4,0,0,1
P15C,82,6,Tucson,ABIN,Uninvaded,4,5,5,0
P15C,82,6,Tucson,AMBI,Uninvaded,4,3,3,1
P15C,82,6,Tucson,AMBI,Uninvaded,4,4,4,0
P15C,82,6,Tucson,ABIN,Uninvaded,4,5,5,0
P15C,82,6,Tucson,PAMI,Uninvaded,3,6,6,0
T01C,89,8,Tumamoc,MAPA,Uninvaded,6,0,2,1
T01C,89,8,Tumamoc,ABIN,Uninvaded,5,1,1,1
T01C,89,8,Tumamoc,MAPA,Uninvaded,4,4,4,0
T01C,89,8,Tumamoc,PAMI,Uninvaded,4,1,1,1
T01C,89,8,Tumamoc,MAPA,Uninvaded,4,2,2,1
T01C,89,8,Tumamoc,SIAB,Uninvaded,3,5,5,0
T01C,89,8,Tumamoc,SIAB,Uninvaded,3,1,2,1
T01C,89,8,Tumamoc,MAPA,Uninvaded,3,2,3,1
T04C,89,33,Tumamoc,ASSP,Uninvaded,7,0,0,1
T04C,89,33,Tumamoc,AMBI,Uninvaded,5,0,0,1
T04C,89,33,Tumamoc,AMBI,Uninvaded,5,0,0,1
T04C,89,33,Tumamoc,AMBI,Uninvaded,5,0,0,1
T04C,89,33,Tumamoc,AMBI,Uninvaded,5,0,2,1
T04C,89,33,Tumamoc,AMBI,Uninvaded,5,1,1,1
T04C,89,33,Tumamoc,ABIN,Uninvaded,5,2,2,1
T04C,89,33,Tumamoc,AMBI,Uninvaded,5,0,0,1
T04C,89,33,Tumamoc,AMBI,Uninvaded,5,0,0,1
T04C,89,33,Tumamoc,AMBI,Uninvaded,5,1,1,1
T04C,89,33,Tumamoc,AMBI,Uninvaded,5,3,3,0
T04C,89,33,Tumamoc,AMBI,Uninvaded,5,3,3,0
T04C,89,33,Tumamoc,MAPA,Uninvaded,4,0,0,1
T04C,89,33,Tumamoc,AMBI,Uninvaded,4,0,1,1
T04C,89,33,Tumamoc,AMBI,Uninvaded,3,0,0,1
T04C,89,33,Tumamoc,AMBI,Uninvaded,3,0,0,1
T04C,89,33,Tumamoc,AMBI,Uninvaded,3,0,0,1
T04C,89,33,Tumamoc,AMBI,Uninvaded,3,0,0,1
T04C,89,33,Tumamoc,AMBI,Uninvaded,3,0,1,1
T04C,89,33,Tumamoc,AMBI,Uninvaded,3,0,0,0
T05C,89,8,Tumamoc,AMBI,Uninvaded,4,0,0,1
T05C,89,8,Tumamoc,ABIN,Uninvaded,4,2,2,1
T05C,89,8,Tumamoc,ABIN,Uninvaded,3,0,0,1
T05C,89,8,Tumamoc,ABIN,Uninvaded,3,0,0,1
T05C,89,8,Tumamoc,AMBI,Uninvaded,3,0,0,1
T05C,89,8,Tumamoc,AMBI,Uninvaded,3,0,0,1
T05C,89,8,Tumamoc,AMBI,Uninvaded,3,0,0,1
T05C,89,8,Tumamoc,AMBI,Uninvaded,3,1,1,1
T06C,89,1,Tumamoc,NAGR,Uninvaded,4,4,4,0
R12C,157,84,Rincon,NAGR,Uninvaded,7,1,1,1
T04C,89,33,Tumamoc,AMBI,Uninvaded,3,0,0,1
T04C,89,33,Tumamoc,AMBI,Uninvaded,3,0,0,1
T04C,89,33,Tumamoc,AMBI,Uninvaded,3,0,0,1
T04C,89,33,Tumamoc,AMBI,Uninvaded,3,0,0,1
T04C,89,33,Tumamoc,AMBI,Uninvaded,3,0,0,1
T04C,89,33,Tumamoc,AMBI,Uninvaded,3,0,0,1
T04C,89,33,Tumamoc,AMBI,Uninvaded,3,0,0,1
T04C,89,33,Tumamoc,AMBI,Uninvaded,3,0,0,1
T04C,89,33,Tumamoc,AMBI,Uninvaded,3,0,0,1
T04C,89,33,Tumamoc,AMBI,Uninvaded,3,0,0,1
T04C,89,33,Tumamoc,AMBI,Uninvaded,3,0,0,1
T04C,89,33,Tumamoc,AMBI,Uninvaded,3,0,0,1
T04C,89,33,Tumamoc,AMBI,Uninvaded,3,0,0,0
R07C,157,47,Rincon,SECO,Uninvaded,8,0,0,0
R12A,157,60,Rincon,NAGR,Removal,3,0,0,0
